fire_id,comune,fire_date,area_ha_effis,status,dnbr_area_ha_within_1km,dnbr_nearest_patch_ha,dnbr_nearest_dist_m,pre_scene,post_scene,pre_cloud_pct,post_cloud_pct,elapsed_s
229766,Altavilla Milicia,2024-04-23 00:33:00,14.0,ok,189.36,0.18,313.0,HLS.S30.T33SUC.2024097T094549.v2.0,HLS.S30.T33SUC.2024172T095031.v2.0,0.0,0.0,22.8
211833,Altavilla Milicia,2023-01-06 00:49:00,10.0,ok,23.13,0.36,169.0,HLS.S30.T33SUC.2023002T095319.v2.0,HLS.S30.T33SUC.2023032T095129.v2.0,1.0,0.0,22.8
40441,Altofonte,2020-07-13 11:24:00,7.0,ok,484.2,166.95,7.0,HLS.S30.T33SUC.2020183T095031.v2.0,HLS.S30.T33SUC.2020241T100029.v2.0,0.0,0.0,27.8
49555,Casteldaccia,2021-06-03 23:54:00,2.0,ok,8688.51,8638.65,0.0,HLS.S30.T33SUC.2021142T095029.v2.0,HLS.S30.T33SUC.2021212T095029.v2.0,0.0,0.0,28.2
55295,Alimena,2021-09-16 11:17:00,14.0,ok,13691.07,13690.17,0.0,HLS.S30.T33SVB.2021222T095029.v2.0,HLS.S30.T33SVB.2021262T095029.v2.0,1.0,2.0,29.1
55366,Santa Caterina Villarmosa,2021-09-17 11:47:00,28.0,ok,14494.68,14493.78,0.0,HLS.S30.T33SVB.2021222T095029.v2.0,HLS.S30.T33SVB.2021262T095029.v2.0,1.0,2.0,29.1
222103,Resuttano,2023-10-03 11:10:00,6.0,ok,79.83,7.74,40.0,HLS.S30.T33SVB.2023222T094549.v2.0,HLS.S30.T33SVB.2023297T095051.v2.0,1.0,0.0,32.3
40331,Altofonte,2020-07-12 10:24:22.301000,13.0,ok,254.97,166.95,0.0,HLS.S30.T33SUC.2020183T095031.v2.0,HLS.S30.T33SUC.2020241T100029.v2.0,0.0,0.0,12.1
42361,Alia,2020-08-03 00:12:00,10.0,ok,0.45,0.45,72.0,HLS.S30.T33SUB.2020208T095029.v2.0,HLS.S30.T33SUB.2020228T095039.v2.0,0.0,0.0,39.3
41121,Altofonte,2020-07-30 00:36:00,28.0,ok,124.92,28.44,273.0,HLS.S30.T33SUC.2020208T095029.v2.0,HLS.S30.T33SUC.2020241T100029.v2.0,0.0,0.0,20.5
41122,Altofonte,2020-08-03 10:35:00,30.0,ok,16.92,16.92,836.0,HLS.S30.T33SUC.2020213T095041.v2.0,HLS.S30.T33SUC.2020241T100029.v2.0,0.0,0.0,25.0
49372,Altofonte,2021-05-22 11:54:00,19.0,ok,10167.3,10167.12,99.0,HLS.S30.T33SUC.2021142T095029.v2.0,HLS.S30.T33SUC.2021187T095031.v2.0,0.0,0.0,24.0
53039,Santa Cristina Gela,2021-08-17 11:53:00,27.0,ok,0.81,0.18,457.0,HLS.S30.T33SUC.2021212T095029.v2.0,HLS.S30.T33SUC.2021242T095029.v2.0,0.0,1.0,24.0
206728,Altofonte,2022-07-23 11:02:00,3.0,ok,557.28,498.06,0.0,HLS.S30.T33SUC.2022197T094549.v2.0,HLS.S30.T33SUC.2022257T094609.v2.0,0.0,0.0,20.0
53037,Santa Cristina Gela,2021-08-13 00:00:00,14.0,ok,2.16,1.71,0.0,HLS.S30.T33SUC.2021212T095029.v2.0,HLS.S30.T33SUC.2021242T095029.v2.0,0.0,1.0,28.3
209600,Altofonte,2022-08-18 11:15:00,6.0,ok,6.57,0.36,312.0,HLS.S30.T33SUC.2022197T094549.v2.0,HLS.S30.T33SUC.2022257T094609.v2.0,0.0,0.0,30.9
206080,Altofonte,2022-07-15 11:51:00,12.0,ok,2.07,0.99,672.0,HLS.S30.T33SUC.2022187T095039.v2.0,HLS.S30.T33SUC.2022197T094549.v2.0,0.0,0.0,25.9
210238,Altofonte,2022-09-09 00:33:00,11.0,ok,7.11,0.27,32.0,HLS.S30.T33SUC.2022197T094549.v2.0,HLS.S30.T33SUC.2022305T100151.v2.0,0.0,0.0,22.2
206727,Altofonte,2022-07-23 11:02:00,20.0,ok,521.64,498.06,0.0,HLS.S30.T33SUC.2022197T094549.v2.0,HLS.S30.T33SUC.2022257T094609.v2.0,0.0,0.0,19.5
204390,Altofonte,2022-06-29 00:00:00,8.0,ok,91.62,23.31,44.0,HLS.S30.T33SUC.2022172T095041.v2.0,HLS.S30.T33SUC.2022197T094549.v2.0,0.0,0.0,24.2
209598,Altofonte,2022-08-18 00:00:00,6.0,ok,586.8,15.21,0.0,HLS.S30.T33SUC.2022197T094549.v2.0,HLS.S30.T33SUC.2022257T094609.v2.0,0.0,0.0,27.4
217114,Altofonte,2023-07-15 12:51:00,6.0,ok,404.82,142.56,1.0,HLS.S30.T33SUC.2023192T094549.v2.0,HLS.S30.T33SUC.2023237T095031.v2.0,0.0,0.0,30.9
217116,Altofonte,2023-07-15 12:51:00,1.0,ok,493.65,142.56,12.0,HLS.S30.T33SUC.2023192T094549.v2.0,HLS.S30.T33SUC.2023237T095031.v2.0,0.0,0.0,34.3
217501,Altofonte,2023-07-21 00:26:00,14.0,ok,259.56,0.18,183.0,HLS.S30.T33SUC.2023197T095031.v2.0,HLS.S30.T33SUC.2023260T100031.v2.0,0.0,0.0,29.7
217661,Altofonte,2023-07-25 00:00:00,25.0,ok,1641.51,20.88,212.0,HLS.S30.T33SUC.2023197T095031.v2.0,HLS.S30.T33SUC.2023260T100031.v2.0,0.0,0.0,28.1
217316,Altofonte,2023-07-17 11:21:00,20.0,ok,83.34,0.45,219.0,HLS.S30.T33SUC.2023197T095031.v2.0,HLS.S30.T33SUC.2023237T095031.v2.0,0.0,0.0,35.6
219518,Altofonte,2023-08-26 11:21:00,7.0,ok,0.99,0.63,596.0,HLS.S30.T33SUC.2023237T095031.v2.0,HLS.S30.T33SUC.2023292T095019.v2.0,0.0,0.0,31.8
219519,Altofonte,2023-08-26 00:00:00,3.0,ok,0.63,0.63,752.0,HLS.S30.T33SUC.2023237T095031.v2.0,HLS.S30.T33SUC.2023292T095019.v2.0,0.0,0.0,27.9
239715,Altofonte,2024-08-26 11:34:00,9.0,ok,0.0,0.36,1764.0,HLS.S30.T33SUC.2024227T094549.v2.0,HLS.S30.T33SUC.2024270T100029.v2.0,0.0,0.0,26.3
281710,Altofonte,2025-09-22 00:39:00,6.0,ok,0.0,0.27,1108.0,HLS.S30.T33SUC.2025259T100041.v2.0,HLS.S30.T33SUC.2025319T100311.v2.0,0.0,1.0,20.4
19088,,,,no_imagery_found,,,,,,,,0.3
275723,Altofonte,2025-07-24 11:07:38.560000,1.0,ok,25.74,21.24,155.0,HLS.S30.T33SUC.2025201T095029.v2.0,HLS.S30.T33SUC.2025259T100041.v2.0,0.0,0.0,25.8
279607,Altofonte,2025-08-27 11:21:00,11.0,ok,21.42,21.42,377.0,HLS.S30.T33SUC.2025239T100051.v2.0,HLS.S30.T33SUC.2025259T100041.v2.0,0.0,0.0,23.9
279608,Altofonte,2025-08-28 11:51:00,8.0,ok,13.41,13.05,470.0,HLS.S30.T33SUC.2025239T100051.v2.0,HLS.S30.T33SUC.2025259T100041.v2.0,0.0,0.0,27.5
40111,Bagheria,2020-06-22 21:00:00,18.0,ok,30.96,0.63,140.0,HLS.S30.T33SUC.2020143T095041.v2.0,HLS.S30.T33SUC.2020233T095041.v2.0,1.0,0.0,25.3
40442,Misilmeri,2020-07-10 10:08:52.711000,11.0,ok,27.54,0.99,100.0,HLS.S30.T33SUC.2020183T095031.v2.0,HLS.S30.T33SUC.2020241T100029.v2.0,0.0,0.0,19.4
40307,Bagheria,2020-07-11 00:42:00,22.0,ok,2.79,0.18,251.0,HLS.S30.T33SUC.2020183T095031.v2.0,HLS.S30.T33SUC.2020233T095041.v2.0,0.0,0.0,26.9
209159,Bagheria,2022-08-06 20:57:00,22.0,ok,33.12,28.8,32.0,HLS.S30.T33SUC.2022197T094549.v2.0,HLS.S30.T33SUC.2022257T094609.v2.0,0.0,0.0,25.2
26269,Bagheria,2020-05-04 01:06:00,8.0,ok,72.27,0.27,37.0,HLS.S30.T33SUC.2020098T095029.v2.0,HLS.S30.T33SUC.2020183T095031.v2.0,16.0,0.0,34.2
40260,Belmonte Mezzagno,2020-07-01 10:07:40.945000,22.0,ok,25.38,0.18,121.0,HLS.S30.T33SUC.2020183T095031.v2.0,HLS.S30.T33SUC.2020241T100029.v2.0,0.0,0.0,20.8
40443,Belmonte Mezzagno,2020-07-10 16:09:50.538000,4.0,ok,34.47,0.18,219.0,HLS.S30.T33SUC.2020183T095031.v2.0,HLS.S30.T33SUC.2020241T100029.v2.0,0.0,0.0,27.9
40921,Santa Cristina Gela,2020-07-28 11:42:00,18.0,ok,4.77,0.18,403.0,HLS.S30.T33SUC.2020208T095029.v2.0,HLS.S30.T33SUC.2020241T100029.v2.0,0.0,0.0,24.1
43376,,,,no_burn_detected,,,,,,,,21.1
51505,Belmonte Mezzagno,2021-07-30 11:17:00,28.0,ok,10.98,0.18,49.0,HLS.S30.T33SUC.2021187T095031.v2.0,HLS.S30.T33SUC.2021212T095029.v2.0,0.0,0.0,27.4
43379,Belmonte Mezzagno,2020-08-30 00:06:00,5.0,ok,7.92,0.99,99.0,HLS.S30.T33SUC.2020241T100029.v2.0,HLS.S30.T33SUC.2020283T095041.v2.0,0.0,2.0,30.4
49777,Misilmeri,2021-06-15 11:24:16.264000,14.0,ok,4904.19,182.07,0.0,HLS.S30.T33SUC.2021142T095029.v2.0,HLS.S30.T33SUC.2021212T095029.v2.0,0.0,0.0,24.0
52124,Belmonte Mezzagno,2021-08-01 12:17:00,11.0,ok,44.37,0.27,395.0,HLS.S30.T33SUC.2021212T095029.v2.0,HLS.S30.T33SUC.2021242T095029.v2.0,0.0,1.0,27.0
50301,Belmonte Mezzagno,2021-07-05 11:34:00,3.0,ok,211.95,0.27,110.0,HLS.S30.T33SUC.2021167T095031.v2.0,HLS.S30.T33SUC.2021212T095029.v2.0,0.0,0.0,29.4
50778,Misilmeri,2021-06-27 00:00:00,25.0,ok,1.98,1.08,176.0,HLS.S30.T33SUC.2021167T095031.v2.0,HLS.S30.T33SUC.2021212T095029.v2.0,0.0,0.0,38.6
50225,Belmonte Mezzagno,2021-07-05 00:00:00,9.0,ok,224.82,165.69,0.0,HLS.S30.T33SUC.2021167T095031.v2.0,HLS.S30.T33SUC.2021212T095029.v2.0,0.0,0.0,30.4
50851,Belmonte Mezzagno,2021-06-27 00:00:00,26.0,ok,73.71,9.27,226.0,HLS.S30.T33SUC.2021167T095031.v2.0,HLS.S30.T33SUC.2021212T095029.v2.0,0.0,0.0,29.2
51507,Belmonte Mezzagno,2021-07-30 11:17:00,5.0,ok,11.52,1.35,594.0,HLS.S30.T33SUC.2021187T095031.v2.0,HLS.S30.T33SUC.2021212T095029.v2.0,0.0,0.0,31.3
51508,Belmonte Mezzagno,2021-07-30 11:17:00,2.0,ok,3.15,0.18,500.0,HLS.S30.T33SUC.2021187T095031.v2.0,HLS.S30.T33SUC.2021212T095029.v2.0,0.0,0.0,29.2
51506,Belmonte Mezzagno,2021-07-30 00:00:00,8.0,ok,0.18,0.18,482.0,HLS.S30.T33SUC.2021187T095031.v2.0,HLS.S30.T33SUC.2021212T095029.v2.0,0.0,0.0,29.5
52125,Belmonte Mezzagno,2021-08-04 11:21:00,13.0,ok,5.4,0.18,422.0,HLS.S30.T33SUC.2021212T095029.v2.0,HLS.S30.T33SUC.2021242T095029.v2.0,0.0,1.0,32.9
210861,Santa Cristina Gela,2022-09-25 09:39:00,6.0,ok,0.0,0.18,1604.0,HLS.S30.T33SUC.2022257T094609.v2.0,HLS.S30.T33SUC.2022305T100151.v2.0,0.0,0.0,29.3
53038,Santa Cristina Gela,2021-08-13 00:00:00,12.0,ok,10.53,0.18,408.0,HLS.S30.T33SUC.2021212T095029.v2.0,HLS.S30.T33SUC.2021242T095029.v2.0,0.0,1.0,31.4
204389,Belmonte Mezzagno,2022-06-29 00:33:00,29.0,ok,74.16,0.18,43.0,HLS.S30.T33SUC.2022172T095041.v2.0,HLS.S30.T33SUC.2022197T094549.v2.0,0.0,0.0,27.7
209599,Belmonte Mezzagno,2022-08-18 00:00:00,10.0,ok,578.97,0.45,345.0,HLS.S30.T33SUC.2022197T094549.v2.0,HLS.S30.T33SUC.2022257T094609.v2.0,0.0,0.0,33.0
209601,Belmonte Mezzagno,2022-08-18 00:00:00,10.0,ok,1610.55,3.87,76.0,HLS.S30.T33SUC.2022197T094549.v2.0,HLS.S30.T33SUC.2022257T094609.v2.0,0.0,0.0,25.0
204370,Belmonte Mezzagno,2022-06-27 00:00:00,8.0,ok,25.74,0.18,0.0,HLS.S30.T33SUC.2022172T095041.v2.0,HLS.S30.T33SUC.2022197T094549.v2.0,0.0,0.0,26.8
209602,Belmonte Mezzagno,2022-08-18 00:00:00,12.0,ok,1085.94,1.08,0.0,HLS.S30.T33SUC.2022197T094549.v2.0,HLS.S30.T33SUC.2022257T094609.v2.0,0.0,0.0,18.2
209596,Misilmeri,2022-08-18 00:00:00,15.0,ok,180.18,176.85,0.0,HLS.S30.T33SUC.2022197T094549.v2.0,HLS.S30.T33SUC.2022257T094609.v2.0,0.0,0.0,26.5
209436,Belmonte Mezzagno,2022-08-18 00:00:00,30.0,ok,71.64,0.27,15.0,HLS.S30.T33SUC.2022197T094549.v2.0,HLS.S30.T33SUC.2022257T094609.v2.0,0.0,0.0,33.4
208696,Belmonte Mezzagno,2022-08-02 12:55:00,9.0,ok,32.85,1.53,18.0,HLS.S30.T33SUC.2022197T094549.v2.0,HLS.S30.T33SUC.2022257T094609.v2.0,0.0,0.0,28.9
208697,Belmonte Mezzagno,2022-08-02 12:55:00,7.0,ok,41.85,1.17,0.0,HLS.S30.T33SUC.2022197T094549.v2.0,HLS.S30.T33SUC.2022257T094609.v2.0,0.0,0.0,25.7
223096,,,,no_burn_detected,,,,,,,,27.7
219517,Belmonte Mezzagno,2023-08-26 00:00:00,11.0,ok,1.35,0.63,756.0,HLS.S30.T33SUC.2023237T095031.v2.0,HLS.S30.T33SUC.2023292T095019.v2.0,0.0,0.0,13.5
217314,Belmonte Mezzagno,2023-07-18 11:05:52.885000,13.0,ok,24.84,0.18,359.0,HLS.S30.T33SUC.2023197T095031.v2.0,HLS.S30.T33SUC.2023237T095031.v2.0,0.0,0.0,26.2
217090,Belmonte Mezzagno,2023-07-12 12:57:00,22.0,ok,166.95,3.96,71.0,HLS.S30.T33SUC.2023192T094549.v2.0,HLS.S30.T33SUC.2023237T095031.v2.0,0.0,0.0,28.8
217315,Belmonte Mezzagno,2023-07-18 11:06:07.649000,7.0,ok,17.46,0.18,16.0,HLS.S30.T33SUC.2023197T095031.v2.0,HLS.S30.T33SUC.2023237T095031.v2.0,0.0,0.0,24.5
217089,Belmonte Mezzagno,2023-07-13 11:49:00,19.0,ok,1872.0,1.62,19.0,HLS.S30.T33SUC.2023192T094549.v2.0,HLS.S30.T33SUC.2023237T095031.v2.0,0.0,0.0,31.7
219532,Belmonte Mezzagno,2023-08-30 00:26:00,3.0,ok,1.08,0.18,587.0,HLS.S30.T33SUC.2023237T095031.v2.0,HLS.S30.T33SUC.2023292T095019.v2.0,0.0,0.0,19.7
220873,Santa Cristina Gela,2023-09-18 12:32:00,4.0,ok,0.0,3.15,1505.0,HLS.S30.T33SUC.2023260T100031.v2.0,HLS.S30.T33SUC.2023292T095019.v2.0,0.0,0.0,22.2
280308,Santa Cristina Gela,2025-08-28 11:51:00,10.0,ok,4.14,0.18,513.0,HLS.S30.T33SUC.2025239T100051.v2.0,HLS.S30.T33SUC.2025259T100041.v2.0,0.0,0.0,10.5
235617,Belmonte Mezzagno,2024-07-29 00:00:00,2.0,ok,4.32,0.18,219.0,HLS.S30.T33SUC.2024202T095031.v2.0,HLS.S30.T33SUC.2024270T100029.v2.0,0.0,0.0,17.3
217663,Belmonte Mezzagno,2023-07-23 12:51:00,25.0,ok,125.55,0.18,128.0,HLS.S30.T33SUC.2023197T095031.v2.0,HLS.S30.T33SUC.2023260T100031.v2.0,0.0,0.0,36.4
237207,Belmonte Mezzagno,2024-08-08 11:21:00,3.0,ok,0.9,0.72,637.0,HLS.S30.T33SUC.2024212T095031.v2.0,HLS.S30.T33SUC.2024270T100029.v2.0,0.0,0.0,21.3
235616,Belmonte Mezzagno,2024-07-29 11:10:00,10.0,ok,0.99,0.81,469.0,HLS.S30.T33SUC.2024202T095031.v2.0,HLS.S30.T33SUC.2024270T100029.v2.0,0.0,0.0,23.1
279913,Belmonte Mezzagno,2025-08-29 00:00:00,2.0,ok,25.29,0.18,250.0,HLS.S30.T33SUC.2025239T100051.v2.0,HLS.S30.T33SUC.2025259T100041.v2.0,0.0,0.0,22.7
275720,Belmonte Mezzagno,2025-07-24 11:06:44.089000,12.0,ok,59.67,0.9,165.0,HLS.S30.T33SUC.2025201T095029.v2.0,HLS.S30.T33SUC.2025259T100041.v2.0,0.0,0.0,19.0
275721,Santa Cristina Gela,2025-07-25 12:29:00,1.0,ok,61.74,0.72,287.0,HLS.S30.T33SUC.2025201T095029.v2.0,HLS.S30.T33SUC.2025259T100041.v2.0,0.0,0.0,18.4
275722,Belmonte Mezzagno,2025-07-24 11:06:53.946000,1.0,ok,56.43,50.58,306.0,HLS.S30.T33SUC.2025201T095029.v2.0,HLS.S30.T33SUC.2025259T100041.v2.0,0.0,0.0,19.9
275734,Belmonte Mezzagno,2025-07-24 00:00:00,10.0,ok,28.71,0.27,129.0,HLS.S30.T33SUC.2025201T095029.v2.0,HLS.S30.T33SUC.2025259T100041.v2.0,0.0,0.0,18.5
275736,Misilmeri,2025-07-21 12:04:00,4.0,ok,3.69,0.18,212.0,HLS.S30.T33SUC.2025201T095029.v2.0,HLS.S30.T33SUC.2025259T100041.v2.0,0.0,0.0,25.3
278583,Belmonte Mezzagno,2025-08-13 11:10:00,19.0,ok,5.31,2.52,8.0,HLS.S30.T33SUC.2025221T095029.v2.0,HLS.S30.T33SUC.2025259T100041.v2.0,0.0,0.0,16.9
275733,Belmonte Mezzagno,2025-07-24 00:00:00,4.0,ok,42.39,5.31,189.0,HLS.S30.T33SUC.2025201T095029.v2.0,HLS.S30.T33SUC.2025259T100041.v2.0,0.0,0.0,27.6
278584,Belmonte Mezzagno,2025-08-13 11:34:00,4.0,ok,5.67,0.27,492.0,HLS.S30.T33SUC.2025221T095029.v2.0,HLS.S30.T33SUC.2025259T100041.v2.0,0.0,0.0,16.6
275735,Belmonte Mezzagno,2025-07-24 00:00:00,29.0,ok,11.97,0.18,243.0,HLS.S30.T33SUC.2025201T095029.v2.0,HLS.S30.T33SUC.2025259T100041.v2.0,0.0,0.0,24.3
279632,Belmonte Mezzagno,2025-08-28 11:51:00,5.0,ok,45.63,5.4,0.0,HLS.S30.T33SUC.2025239T100051.v2.0,HLS.S30.T33SUC.2025259T100041.v2.0,0.0,0.0,11.2
278585,Belmonte Mezzagno,2025-08-13 00:00:00,4.0,ok,9.45,6.21,505.0,HLS.S30.T33SUC.2025221T095029.v2.0,HLS.S30.T33SUC.2025259T100041.v2.0,0.0,0.0,24.1
279911,Belmonte Mezzagno,2025-08-29 00:00:00,12.0,ok,0.0,0.99,1312.0,HLS.S30.T33SUC.2025239T100051.v2.0,HLS.S30.T33SUC.2025259T100041.v2.0,0.0,0.0,18.9
278586,Belmonte Mezzagno,2025-08-13 11:34:00,3.0,ok,4.86,0.45,201.0,HLS.S30.T33SUC.2025221T095029.v2.0,HLS.S30.T33SUC.2025259T100041.v2.0,0.0,0.0,25.2
42223,Borgetto,2020-08-11 11:10:43.646000,5.0,ok,0.0,0.27,1075.0,HLS.S30.T33SUC.2020213T095041.v2.0,HLS.S30.T33SUC.2020241T100029.v2.0,0.0,0.0,17.3
41120,Borgetto,2020-07-29 12:12:00,7.0,ok,183.96,4.86,203.0,HLS.S30.T33SUC.2020208T095029.v2.0,HLS.S30.T33SUC.2020241T100029.v2.0,0.0,0.0,15.9
204033,Bolognetta,2022-06-24 17:05:57.042000,7.0,ok,28.62,0.18,183.0,HLS.S30.T33SUC.2022172T095041.v2.0,HLS.S30.T33SUC.2022197T094549.v2.0,0.0,0.0,25.6
279912,Belmonte Mezzagno,2025-08-29 00:00:00,3.0,ok,3.6,2.88,483.0,HLS.S30.T33SUC.2025239T100051.v2.0,HLS.S30.T33SUC.2025259T100041.v2.0,0.0,0.0,29.7
41677,Borgetto,2020-08-04 11:12:00,20.0,ok,19.8,19.08,375.0,HLS.S30.T33SUC.2020213T095041.v2.0,HLS.S30.T33SUC.2020241T100029.v2.0,0.0,0.0,22.9
42528,Borgetto,2020-08-21 00:24:00,12.0,ok,0.27,0.27,333.0,HLS.S30.T33SUC.2020233T095041.v2.0,HLS.S30.T33SUC.2020241T100029.v2.0,0.0,0.0,24.2
203968,Partinico,2022-06-23 11:17:00,25.0,ok,33.21,0.18,345.0,HLS.S30.T33SUC.2022172T095041.v2.0,HLS.S30.T33SUC.2022197T094549.v2.0,0.0,0.0,18.9
51711,Borgetto,2021-07-27 12:12:00,8.0,ok,4.59,0.18,191.0,HLS.S30.T33SUC.2021187T095031.v2.0,HLS.S30.T33SUC.2021212T095029.v2.0,0.0,0.0,22.7
55213,Borgetto,2021-09-16 00:00:00,10.0,ok,2.16,0.18,156.0,HLS.S30.T33SUC.2021212T095029.v2.0,HLS.S30.T33SUC.2021262T095029.v2.0,0.0,4.0,24.4
46438,Monreale,2021-03-01 11:42:00,13.0,ok,19.89,0.18,645.0,HLS.S30.T33SUC.2021037T095201.v2.0,HLS.S30.T33SUC.2021092T095029.v2.0,0.0,0.0,35.2
210142,Borgetto,2022-08-28 00:05:00,6.0,ok,18.0,0.45,197.0,HLS.S30.T33SUC.2022197T094549.v2.0,HLS.S30.T33SUC.2022300T100029.v2.0,0.0,0.0,26.5
210393,,,,error: window outside tile bounds,,,,,,,,1.1
220710,,,,error: window outside tile bounds,,,,,,,,0.6
43374,,,,error: window outside tile bounds,,,,,,,,16.9
54728,,,,error: window outside tile bounds,,,,,,,,12.1
219722,Borgetto,2023-08-23 00:00:00,29.0,ok,2015.01,3.42,0.0,HLS.S30.T33SUC.2023197T095031.v2.0,HLS.S30.T33SUC.2023292T095019.v2.0,0.0,0.0,28.3
17046,,,,no_imagery_found,,,,,,,,0.3
18613,,,,no_imagery_found,,,,,,,,0.4
223451,,,,error: window outside tile bounds,,,,,,,,0.4
223286,,,,error: window outside tile bounds,,,,,,,,0.5
227893,,,,error: window outside tile bounds,,,,,,,,1.7
230045,,,,error: window outside tile bounds,,,,,,,,1.0
244669,,,,error: window outside tile bounds,,,,,,,,1.1
54727,Caccamo,2021-09-01 12:38:00,18.0,ok,0.0,0.18,3658.0,HLS.S30.T33SUB.2021242T095029.v2.0,HLS.S30.T33SUB.2021247T095031.v2.0,1.0,0.0,27.3
223281,,,,error: window outside tile bounds,,,,,,,,16.0
42046,Caccamo,2020-08-11 11:30:00,18.0,ok,1.98,0.18,2.0,HLS.S30.T33SUB.2020208T095029.v2.0,HLS.S30.T33SUB.2020228T095039.v2.0,0.0,0.0,32.3
234258,Borgetto,2024-07-19 11:21:00,22.0,ok,4.77,0.27,555.0,HLS.S30.T33SUC.2024197T094549.v2.0,HLS.S30.T33SUC.2024240T095549.v2.0,0.0,0.0,40.2
15098,,,,no_imagery_found,,,,,,,,0.4
245701,Caccamo,2024-10-06 12:04:00,4.0,ok,3.87,0.18,298.0,HLS.S30.T33SUC.2024227T094549.v2.0,HLS.S30.T33SUC.2024302T095121.v2.0,0.0,1.0,18.4
211834,,,,error: window outside tile bounds,,,,,,,,1.4
213652,Caltavuturo,2023-02-24 00:00:00,8.0,ok,11.43,0.72,7.0,HLS.S30.T33SUB.2023032T095129.v2.0,HLS.S30.T33SUB.2023102T095029.v2.0,1.0,1.0,21.7
199244,Caccamo,2022-04-12 00:43:00,7.0,ok,155.25,1.71,0.0,HLS.S30.T33SUB.2022082T095031.v2.0,HLS.S30.T33SUB.2022142T095041.v2.0,2.0,0.0,30.9
222913,Capaci,2023-10-15 11:34:00,12.0,ok,59.31,0.54,453.0,HLS.S30.T33SUC.2023287T095031.v2.0,HLS.S30.T33SUC.2023292T095019.v2.0,0.0,0.0,19.7
46848,,,,error: window outside tile bounds,,,,,,,,0.7
44721,Cammarata,2020-10-09 15:05:38.513000,30.0,ok,6541.74,457.38,6.0,HLS.S30.T33SUB.2020228T095039.v2.0,HLS.S30.T33SUB.2020283T095041.v2.0,0.0,1.0,14.7
210906,Capaci,2022-09-25 12:44:00,3.0,ok,0.36,0.18,299.0,HLS.S30.T33SUC.2022257T094609.v2.0,HLS.S30.T33SUC.2022305T100151.v2.0,0.0,0.0,29.1
211394,Monreale,2022-10-31 12:19:00,1.0,ok,8.01,3.6,125.0,HLS.S30.T33SUC.2022300T100029.v2.0,HLS.S30.T33SUC.2022360T100329.v2.0,0.0,0.0,20.8
210438,Monreale,2022-09-13 11:28:00,3.0,ok,1.26,0.18,545.0,HLS.S30.T33SUC.2022197T094549.v2.0,HLS.S30.T33SUC.2022305T100151.v2.0,0.0,0.0,22.3
26270,Castronovo di Sicilia,2020-05-16 12:00:00,18.0,ok,18368.1,18366.84,0.0,HLS.S30.T33SUB.2020133T095031.v2.0,HLS.S30.T33SUB.2020183T095031.v2.0,0.0,0.0,26.8
223283,Cefalù,2023-10-23 00:00:00,28.0,ok,0.81,0.18,735.0,HLS.S30.T33SVC.2023277T095031.v2.0,HLS.S30.T33SVC.2023297T095051.v2.0,0.0,0.0,17.2
280841,Castronovo di Sicilia,2025-08-28 00:07:00,7.0,ok,72.81,2.34,76.0,HLS.S30.T33SUB.2025198T095051.v2.0,HLS.S30.T33SUB.2025248T095051.v2.0,1.0,0.0,29.5
280315,Chiusa Sclafani,2025-08-30 19:47:00,1.0,ok,22.59,4.41,93.0,HLS.S30.T33SUB.2025198T095051.v2.0,HLS.S30.T33SUB.2025248T095051.v2.0,1.0,0.0,18.7
19353,Chiusa Sclafani,2020-01-10 00:00:00,22.0,ok,2.97,0.36,444.0,HLS.S30.T33SUB.2020003T095401.v2.0,HLS.S30.T33SUB.2020038T095059.v2.0,1.0,1.0,24.9
280314,Chiusa Sclafani,2025-08-30 19:47:00,4.0,ok,0.0,0.45,2424.0,HLS.S30.T33SUB.2025234T100029.v2.0,HLS.S30.T33SUB.2025259T100041.v2.0,0.0,0.0,21.4
49297,,,,error: window outside tile bounds,,,,,,,,0.6
49532,Chiusa Sclafani,2021-05-30 11:08:00,5.0,ok,8453.7,47.34,0.0,HLS.S30.T33SUB.2021137T095031.v2.0,HLS.S30.T33SUB.2021167T095031.v2.0,0.0,0.0,25.4
49298,,,,error: window outside tile bounds,,,,,,,,0.7
49526,Palazzo Adriano,2021-05-23 23:54:00,18.0,ok,2564.01,2562.3,0.0,HLS.S30.T33SUB.2021137T095031.v2.0,HLS.S30.T33SUB.2021167T095031.v2.0,0.0,0.0,23.9
217061,,,,error: window outside tile bounds,,,,,,,,3.4
58848,,,,error: window outside tile bounds,,,,,,,,1.7
278352,Chiusa Sclafani,2025-08-13 00:00:00,29.0,ok,0.9,0.72,96.0,HLS.S30.T33SUB.2025178T095041.v2.0,HLS.S30.T33SUB.2025248T095051.v2.0,0.0,0.0,23.5
210439,,,,error: window outside tile bounds,,,,,,,,12.3
272452,Chiusa Sclafani,2025-06-25 00:07:00,29.0,ok,6913.35,6911.1,841.0,HLS.S30.T33SUB.2025121T095029.v2.0,HLS.S30.T33SUB.2025234T100029.v2.0,0.0,0.0,20.1
229825,Collesano,2024-04-21 12:32:00,2.0,ok,11780.46,11778.75,0.0,HLS.S30.T33SUC.2024097T094549.v2.0,HLS.S30.T33SUC.2024172T095031.v2.0,0.0,0.0,14.0
18226,,,,no_imagery_found,,,,,,,,0.4
278169,Palazzo Adriano,2025-08-09 00:00:00,26.0,ok,4603.14,2.16,29.0,HLS.S30.T33SUB.2025178T095041.v2.0,HLS.S30.T33SUB.2025248T095051.v2.0,0.0,0.0,19.8
280316,Chiusa Sclafani,2025-08-30 19:47:00,1.0,ok,22.77,4.41,227.0,HLS.S30.T33SUB.2025198T095051.v2.0,HLS.S30.T33SUB.2025248T095051.v2.0,1.0,0.0,33.3
44588,Giardinello,2020-10-03 00:18:00,10.0,ok,41.67,0.27,87.0,HLS.S30.T33SUC.2020241T100029.v2.0,HLS.S30.T33SUC.2020283T095041.v2.0,0.0,2.0,17.1
225335,Gangi,2024-02-06 11:46:00,4.0,ok,0.18,0.18,914.0,HLS.S30.T33SVB.2024037T095109.v2.0,HLS.S30.T33SVB.2024097T094549.v2.0,1.0,1.0,29.8
49533,Geraci Siculo,2021-05-22 11:57:00,3.0,ok,19175.94,19175.94,0.0,HLS.S30.T33SVB.2021137T095031.v2.0,HLS.S30.T33SVB.2021197T095031.v2.0,1.0,1.0,25.6
220253,Poggioreale,2023-08-31 12:19:00,14.0,ok,549.09,0.18,60.0,HLS.S30.T33SUB.2023222T094549.v2.0,HLS.S30.T33SUB.2023292T095019.v2.0,0.0,0.0,38.4
43150,Giardinello,2020-08-29 11:42:00,7.0,ok,2.16,0.18,697.0,HLS.S30.T33SUC.2020241T100029.v2.0,HLS.S30.T33SUC.2020283T095041.v2.0,0.0,2.0,21.4
210992,,,,error: window outside tile bounds,,,,,,,,0.6
219826,,,,error: window outside tile bounds,,,,,,,,1.0
215222,Geraci Siculo,2023-03-28 11:04:00,2.0,ok,0.18,0.18,853.0,HLS.S30.T33SVB.2023032T095129.v2.0,HLS.S30.T33SVB.2023127T095031.v2.0,1.0,1.0,26.9
215223,Geraci Siculo,2023-03-28 00:00:00,5.0,ok,2.79,0.18,512.0,HLS.S30.T33SVB.2023032T095129.v2.0,HLS.S30.T33SVB.2023127T095031.v2.0,1.0,1.0,30.1
210202,Giardinello,2022-09-04 00:00:00,16.0,ok,32.31,0.45,33.0,HLS.S30.T33SUC.2022197T094549.v2.0,HLS.S30.T33SUC.2022305T100151.v2.0,0.0,0.0,22.1
225798,,,,error: window outside tile bounds,,,,,,,,1.2
50088,,,,error: window outside tile bounds,,,,,,,,0.7
224246,,,,error: window outside tile bounds,,,,,,,,2.2
285515,,,,error: window outside tile bounds,,,,,,,,0.8
16245,,,,no_imagery_found,,,,,,,,0.3
219932,,,,error: window outside tile bounds,,,,,,,,0.8
51035,,,,error: window outside tile bounds,,,,,,,,6.5
44155,,,,error: window outside tile bounds,,,,,,,,10.7
15864,,,,no_imagery_found,,,,,,,,0.3
211296,Montelepre,2022-10-25 00:18:00,23.0,ok,24.03,23.85,26.0,HLS.S30.T33SUC.2022297T095029.v2.0,HLS.S30.T33SUC.2022305T100151.v2.0,0.0,0.0,24.1
205329,Misilmeri,2022-07-07 11:51:00,4.0,ok,0.54,0.54,826.0,HLS.S30.T33SUC.2022187T095039.v2.0,HLS.S30.T33SUC.2022197T094549.v2.0,0.0,0.0,14.8
216564,Giardinello,2023-05-28 00:39:00,2.0,ok,2563.56,0.54,3.0,HLS.S30.T33SUC.2023127T095031.v2.0,HLS.S30.T33SUC.2023197T095031.v2.0,0.0,0.0,24.4
203880,Misilmeri,2022-06-21 11:51:00,18.0,ok,4.59,0.18,760.0,HLS.S30.T33SUC.2022172T095041.v2.0,HLS.S30.T33SUC.2022197T094549.v2.0,0.0,0.0,16.8
41279,,,,error: window outside tile bounds,,,,,,,,1.1
41953,,,,error: window outside tile bounds,,,,,,,,1.1
41954,,,,error: window outside tile bounds,,,,,,,,1.0
42529,,,,error: window outside tile bounds,,,,,,,,1.2
241535,Giardinello,2024-09-04 11:17:00,7.0,ok,8.01,8.01,291.0,HLS.S30.T33SUC.2024240T095549.v2.0,HLS.S30.T33SUC.2024270T100029.v2.0,0.0,0.0,29.3
40973,Misilmeri,2020-07-23 11:36:00,16.0,ok,87.93,87.48,865.0,HLS.S30.T33SUC.2020183T095031.v2.0,HLS.S30.T33SUC.2020241T100029.v2.0,0.0,0.0,22.3
52737,,,,error: window outside tile bounds,,,,,,,,0.8
54174,,,,error: window outside tile bounds,,,,,,,,1.0
54545,,,,error: window outside tile bounds,,,,,,,,1.1
202791,,,,error: window outside tile bounds,,,,,,,,0.8
26266,,,,error: window outside tile bounds,,,,,,,,16.3
208846,,,,error: window outside tile bounds,,,,,,,,8.3
210832,,,,error: window outside tile bounds,,,,,,,,0.8
218643,Misilmeri,2023-08-14 10:58:00,27.0,ok,1296.27,1296.0,0.0,HLS.S30.T33SUC.2023197T095031.v2.0,HLS.S30.T33SUC.2023277T095031.v2.0,0.0,0.0,29.2
26267,Monreale,2020-05-12 11:36:00,9.0,ok,19398.15,19393.11,0.0,HLS.S30.T33SUB.2020133T095031.v2.0,HLS.S30.T33SUB.2020183T095031.v2.0,0.0,0.0,16.9
203144,,,,error: window outside tile bounds,,,,,,,,2.0
216803,,,,error: window outside tile bounds,,,,,,,,1.6
219723,,,,error: window outside tile bounds,,,,,,,,1.4
42220,Monreale,2020-08-17 13:00:00,4.0,ok,88.2,1.35,72.0,HLS.S30.T33SUB.2020228T095039.v2.0,HLS.S30.T33SUB.2020241T100029.v2.0,0.0,0.0,25.0
42221,Monreale,2020-08-17 11:18:00,13.0,ok,66.06,0.18,128.0,HLS.S30.T33SUB.2020228T095039.v2.0,HLS.S30.T33SUB.2020241T100029.v2.0,0.0,0.0,21.5
219721,,,,error: window outside tile bounds,,,,,,,,1.2
218439,,,,error: window outside tile bounds,,,,,,,,1.2
219521,,,,error: window outside tile bounds,,,,,,,,1.2
220465,,,,error: window outside tile bounds,,,,,,,,1.2
219385,,,,error: window outside tile bounds,,,,,,,,1.6
221490,,,,error: window outside tile bounds,,,,,,,,0.7
281279,,,,error: window outside tile bounds,,,,,,,,1.7
271249,,,,error: window outside tile bounds,,,,,,,,1.5
275944,,,,error: window outside tile bounds,,,,,,,,0.9
275088,,,,error: window outside tile bounds,,,,,,,,1.3
278693,,,,error: window outside tile bounds,,,,,,,,0.7
44922,Monreale,2020-10-11 11:36:00,12.0,ok,113.49,18.63,17.0,HLS.S30.T33SUB.2020241T100029.v2.0,HLS.S30.T33SUB.2020316T100241.v2.0,0.0,1.0,20.1
204032,Monreale,2022-06-25 00:56:00,5.0,ok,18348.84,18344.97,0.0,HLS.S30.T33SUB.2022142T095041.v2.0,HLS.S30.T33SUB.2022207T094549.v2.0,0.0,0.0,18.7
221087,,,,error: window outside tile bounds,,,,,,,,0.5
217317,,,,error: window outside tile bounds,,,,,,,,10.7
281708,,,,error: window outside tile bounds,,,,,,,,11.4
217862,Monreale,2023-07-24 01:09:00,17.0,ok,5323.23,1.08,130.0,HLS.S30.T33SUB.2023197T095031.v2.0,HLS.S30.T33SUB.2023265T095649.v2.0,0.0,0.0,16.8
221492,Monreale,2023-09-23 00:00:00,17.0,ok,2480.31,2435.04,0.0,HLS.S30.T33SUB.2023265T095649.v2.0,HLS.S30.T33SUB.2023320T100301.v2.0,0.0,0.0,22.8
280707,Monreale,2025-09-01 11:55:00,1.0,ok,16.65,14.4,31.0,HLS.S30.T33SUB.2025244T100029.v2.0,HLS.S30.T33SUB.2025259T100041.v2.0,0.0,0.0,13.7
280708,Monreale,2025-09-01 11:55:00,2.0,ok,16.65,14.4,91.0,HLS.S30.T33SUB.2025244T100029.v2.0,HLS.S30.T33SUB.2025259T100041.v2.0,0.0,0.0,23.8
26352,Bivona,2020-06-14 11:18:00,16.0,ok,20963.07,20963.07,0.0,HLS.S30.T33SUB.2020133T095031.v2.0,HLS.S30.T33SUB.2020208T095029.v2.0,0.0,0.0,22.0
44582,Bivona,2020-09-24 11:54:00,24.0,ok,3014.46,2994.66,3.0,HLS.S30.T33SUB.2020228T095039.v2.0,HLS.S30.T33SUB.2020283T095041.v2.0,0.0,1.0,26.0
231270,Terrasini,2024-06-08 11:17:00,6.0,ok,20696.4,20687.76,53.0,HLS.S30.T33SUB.2024120T095549.v2.0,HLS.S30.T33SUB.2024207T094549.v2.0,0.0,0.0,36.0
210473,Alessandria della Rocca,2022-09-13 11:28:00,27.0,ok,197.46,18.9,0.0,HLS.S30.T33SUB.2022207T094549.v2.0,HLS.S30.T33SUB.2022312T095221.v2.0,0.0,1.0,21.7
210391,Bivona,2022-09-13 13:08:00,3.0,ok,130.32,4.14,19.0,HLS.S30.T33SUB.2022207T094549.v2.0,HLS.S30.T33SUB.2022312T095221.v2.0,0.0,1.0,24.0
224397,Bivona,2024-01-22 12:18:00,1.0,ok,65.61,0.72,51.0,HLS.S30.T33SUB.2024002T095411.v2.0,HLS.S30.T33SUB.2024037T095109.v2.0,12.0,1.0,25.6
225336,Palazzo Adriano,2024-02-07 00:05:00,17.0,ok,9.27,0.27,102.0,HLS.S30.T33SUB.2024037T095109.v2.0,HLS.S30.T33SUB.2024097T094549.v2.0,1.0,0.0,26.0
240496,Palazzo Adriano,2024-08-30 00:00:00,5.0,ok,0.0,2.61,1038.0,HLS.S30.T33SUB.2024222T095031.v2.0,HLS.S30.T33SUB.2024287T095029.v2.0,0.0,2.0,24.9
238760,Palazzo Adriano,2024-07-22 00:00:00,9.0,ok,211.5,0.18,177.0,HLS.S30.T33SUB.2024202T095031.v2.0,HLS.S30.T33SUB.2024222T095031.v2.0,0.0,0.0,22.7
18649,,,,no_imagery_found,,,,,,,,0.3
51738,,,,error: window outside tile bounds,,,,,,,,0.8
211006,,,,error: window outside tile bounds,,,,,,,,0.7
213651,,,,error: window outside tile bounds,,,,,,,,0.4
245700,,,,error: window outside tile bounds,,,,,,,,0.5
18899,,,,no_imagery_found,,,,,,,,0.3
208683,,,,error: window outside tile bounds,,,,,,,,0.4
218737,Palermo,2023-08-15 00:07:00,16.0,ok,15.93,0.18,64.0,HLS.S30.T33SUC.2023197T095031.v2.0,HLS.S30.T33SUC.2023287T095031.v2.0,0.0,0.0,18.4
42222,Palermo,2020-08-18 12:42:00,7.0,ok,4.23,0.27,303.0,HLS.S30.T33SUC.2020213T095041.v2.0,HLS.S30.T33SUC.2020241T100029.v2.0,0.0,0.0,21.3
222409,,,,error: window outside tile bounds,,,,,,,,2.3
45949,,,,error: window outside tile bounds,,,,,,,,1.3
217861,Palermo,2023-07-25 00:00:00,16.0,ok,1959.93,1952.64,0.0,HLS.S30.T33SUC.2023197T095031.v2.0,HLS.S30.T33SUC.2023260T100031.v2.0,0.0,0.0,17.8
251140,Palazzo Adriano,2024-12-29 11:42:00,1.0,ok,7.92,2.07,335.0,HLS.S30.T33SUB.2024352T095421.v2.0,HLS.S30.T33SUB.2025001T095319.v2.0,1.0,1.0,29.4
211645,,,,error: window outside tile bounds,,,,,,,,0.9
206086,,,,error: window outside tile bounds,,,,,,,,0.9
222333,Palermo,2023-10-05 13:01:00,17.0,ok,1.89,0.81,35.0,HLS.S30.T33SUC.2023277T095031.v2.0,HLS.S30.T33SUC.2023292T095019.v2.0,0.0,0.0,19.9
54176,Palermo,2021-08-09 00:58:00,4.0,ok,120.6,0.45,20.0,HLS.S30.T33SUC.2021212T095029.v2.0,HLS.S30.T33SUC.2021242T095029.v2.0,0.0,1.0,26.4
225417,,,,error: window outside tile bounds,,,,,,,,0.4
224247,,,,error: window outside tile bounds,,,,,,,,1.4
246129,,,,error: window outside tile bounds,,,,,,,,1.3
241534,Partinico,2024-09-07 00:00:00,15.0,ok,6.84,0.18,231.0,HLS.S30.T33SUC.2024240T095549.v2.0,HLS.S30.T33SUC.2024270T100029.v2.0,0.0,0.0,19.9
41693,,,,error: window outside tile bounds,,,,,,,,0.4
44589,,,,error: window outside tile bounds,,,,,,,,6.7
42047,,,,error: window outside tile bounds,,,,,,,,0.4
45051,,,,error: window outside tile bounds,,,,,,,,16.5
45958,,,,error: window outside tile bounds,,,,,,,,0.7
46439,San Mauro Castelverde,2021-03-01 01:12:00,4.0,ok,19.44,1.89,138.0,HLS.S30.T33SVC.2021037T095201.v2.0,HLS.S30.T33SVC.2021092T095029.v2.0,0.0,1.0,14.1
245912,,,,error: window outside tile bounds,,,,,,,,0.4
202613,,,,error: window outside tile bounds,,,,,,,,1.0
277965,Prizzi,2025-08-10 11:40:00,10.0,ok,183.96,9.18,0.0,HLS.S30.T33SUB.2025178T095041.v2.0,HLS.S30.T33SUB.2025248T095051.v2.0,0.0,0.0,22.4
26272,,,,error: window outside tile bounds,,,,,,,,0.5
224041,San Mauro Castelverde,2023-11-07 11:51:00,5.0,ok,7.83,0.18,213.0,HLS.S30.T33SVC.2023297T095051.v2.0,HLS.S30.T33SVC.2023352T095329.v2.0,0.0,4.0,19.6
50227,,,,error: window outside tile bounds,,,,,,,,0.5
213653,San Mauro Castelverde,2023-02-24 00:00:00,9.0,ok,4.32,0.27,316.0,HLS.S30.T33SVC.2023052T095029.v2.0,HLS.S30.T33SVC.2023077T095031.v2.0,1.0,1.0,24.5
43371,,,,error: window outside tile bounds,,,,,,,,9.2
50226,,,,error: window outside tile bounds,,,,,,,,0.4
209604,,,,error: window outside tile bounds,,,,,,,,0.6
209605,,,,error: window outside tile bounds,,,,,,,,0.5
45957,Sciara,2021-02-06 10:35:29.841000,13.0,ok,4.14,0.45,616.0,HLS.S30.T33SUC.2021037T095201.v2.0,HLS.S30.T33SUC.2021092T095029.v2.0,0.0,0.0,20.5
229732,,,,error: window outside tile bounds,,,,,,,,0.5
209439,Sclafani Bagni,2022-08-18 00:00:00,16.0,ok,8358.21,8336.07,0.0,HLS.S30.T33SUB.2022207T094549.v2.0,HLS.S30.T33SUB.2022247T094549.v2.0,0.0,2.0,21.1
249703,Sclafani Bagni,2024-11-23 12:57:00,1.0,ok,16.83,0.72,101.0,HLS.S30.T33SUB.2024322T095301.v2.0,HLS.S30.T33SUB.2025001T095319.v2.0,1.0,1.0,20.4
246130,,,,no_burn_detected,,,,,,,,30.1
52216,,,,error: window outside tile bounds,,,,,,,,11.6
219531,,,,error: window outside tile bounds,,,,,,,,10.8
228375,Sclafani Bagni,2024-04-05 11:17:00,8.0,ok,27.18,0.45,101.0,HLS.S30.T33SUB.2024092T095031.v2.0,HLS.S30.T33SUB.2024097T094549.v2.0,1.0,0.0,26.8
210878,Termini Imerese,2022-09-21 12:17:00,9.0,ok,6.57,0.27,27.0,HLS.S30.T33SUC.2022257T094609.v2.0,HLS.S30.T33SUC.2022297T095029.v2.0,0.0,0.0,22.7
239341,Termini Imerese,2024-08-21 00:00:00,7.0,ok,174.6,6.84,131.0,HLS.S30.T33SUC.2024227T094549.v2.0,HLS.S30.T33SUC.2024287T095029.v2.0,0.0,1.0,18.2
204634,Trappeto,2022-07-03 00:56:00,5.0,ok,403.47,1.08,23.0,HLS.S30.T33SUC.2022172T095041.v2.0,HLS.S30.T33SUC.2022197T094549.v2.0,0.0,0.0,17.4
208876,Torretta,2022-08-07 11:21:00,14.0,ok,15.93,2.79,554.0,HLS.S30.T33SUC.2022197T094549.v2.0,HLS.S30.T33SUC.2022257T094609.v2.0,0.0,0.0,18.8
280310,Termini Imerese,2025-08-29 00:11:00,18.0,ok,25.38,22.77,139.0,HLS.S30.T33SUC.2025221T095029.v2.0,HLS.S30.T33SUC.2025258T095041.v2.0,0.0,0.0,19.6
211014,Trabia,2022-10-07 11:28:00,6.0,ok,0.36,0.36,890.0,HLS.S30.T33SUC.2022257T094609.v2.0,HLS.S30.T33SUC.2022297T095029.v2.0,0.0,0.0,19.2
230044,Trabia,2024-04-29 00:45:00,2.0,ok,9280.08,9274.23,0.0,HLS.S30.T33SUC.2024097T094549.v2.0,HLS.S30.T33SUC.2024172T095031.v2.0,0.0,0.0,16.3
223271,,,,no_burn_detected,,,,,,,,16.0
