comune,localita,date,area_ha
GANGI,Gangi,2021-08-04,7241.7421
VICARI,Vicari,2021-08-15,1298.1595
PETRALIA SOTTANA,Petralia Sottana,2021-08-10,1123.8417
PALAZZO ADRIANO,Cozzo Miglietta,2021-07-29,1094.4776
MONREALE,"Traversa,",2021-07-29,1050.9729
POLIZZI GENEROSA,Contrada San Nicola,2021-07-30,719.0047
PIANA DEGLI ALBANESI,Rossella,2025-08-10,713.2137
CASTELLANA SICULA,TUDIA,2022-07-05,697.3607
MONREALE,Valle Presti,2022-08-15,616.2924
MISILMERI,Frattina,2022-09-04,584.8417
PALERMO,Monte Grifone,2023-07-25,560.7601
MONREALE,Kaggio,2025-07-25,544.5431
PETRALIA SOPRANA,Acquamara Ii,2023-07-25,511.7668
CARINI,Lo Zucco,2023-09-21,504.2983
MONREALE,Cerasa,2021-07-30,466.3712
CERDA,Cozzo Del Lupo,2023-07-26,414.5616
CALTAVUTURO,Caltavuturo,2023-07-25,410.659
CARINI,Monte Saraceno,2023-09-23,396.4176
PRIZZI,C. Feudotto,2023-09-20,382.2812
VICARI,Liste Della Margana,2024-07-20,367.3094
CALTAVUTURO,Contrada Colla,2021-07-13,366.1256
CORLEONE,Ponte del Casale,2023-09-14,365.1885
VILLAFRATI,Serra Capezzana,2023-09-21,356.8355
CACCAMO,Manche,2021-08-10,348.1584
CONTESSA ENTELLINA,Miccina,2022-08-07,341.4272
ROCCAPALUMBA,stazione di roccapalumba,2018-07-12,306.4504
PIANA DEGLI ALBANESI,Brigna,2021-07-31,297.7431
CONTESSA ENTELLINA,C.Vaccara,2020-08-27,288.5575
CALTAVUTURO,Contrada Balate,2023-08-23,284.8973
SANTA CRISTINA GELA,Andreotta,2020-08-03,278.2539
VICARI,C. Serre,2021-08-31,276.3253
CONTESSA ENTELLINA,Borgo Piano Cavaliere,2023-09-18,275.6239
PIANA DEGLI ALBANESI,Fucia,2021-07-30,273.4702
PIANA DEGLI ALBANESI,Maganoce,2023-07-25,272.9001
MONREALE,"Contrada Scalilli,",2022-09-03,270.1386
CALTAVUTURO,Caltavuturo,2022-08-16,261.7166
PALAZZO ADRIANO,C. Mezzo Canale,2025-07-27,260.7377
MONREALE,Marzuso,2023-09-22,238.5756
CONTESSA ENTELLINA,Carrubba,2023-10-14,238.2303
COLLESANO,Contrada Bovitello,2021-08-01,237.6865
SAN CIPIRELLO,San Cipirello,2025-07-21,233.7215
CASTRONOVO DI SICILIA,Bocche Di S. Andrea,2018-07-23,230.9835
PALERMO,Manche di Bellolampo,2020-05-13,227.6993
MONREALE,monteaperto,2025-08-03,221.5494
MONREALE,Strasatto,2024-09-08,207.2413
CARINI,Lo Zucco,2021-08-04,206.4237
GODRANO,Piano Guddemi,2022-09-25,202.8664
MISILMERI,Valle Cucchi,2022-07-23,198.3798
COLLESANO,Sulla,2021-08-01,193.8401
SAN MAURO CASTELVERDE,Contrada Ciambra,2021-08-07,193.5477
CAMPOREALE,Monte Pietroso,,190.5632
PIANA DEGLI ALBANESI,Ducco,2022-09-01,188.3155
LERCARA FRIDDI,Lercara Bassa,2025-07-31,186.4829
SANTA CRISTINA GELA,Buceci,2025-08-27,183.6346
MONREALE,Kaggio,2021-07-29,182.9213
MISILMERI,Mennula,2023-08-27,181.5154
VALLEDOLMO,Valledolmo,2023-09-22,180.9769
PETRALIA SOTTANA,Localita' Recattivo,2018-07-30,179.9508
PALAZZO ADRIANO,C. Mezzo Canale,2024-09-02,178.4557
CORLEONE,Monte Cardellia,2022-09-20,176.8586
MEZZOJUSO,bvio mezzojuso Mezzojuso (PA),2022-06-27,176.0113
MONREALE,Masseria Kaggio,2022-06-28,171.9844
SCLAFANI BAGNI,Passo Del Bambino,2022-09-16,168.7254
PIANA DEGLI ALBANESI,LA PIZZUTA,2023-07-24,168.6805
ALIMENA,Alimena,,166.5605
MONREALE,valle corta,2023-09-23,164.8826
SANTA CRISTINA GELA,Massariotta,2021-08-07,157.0576
MONTEMAGGIORE BELSITO,San Giovanni,2022-08-18,156.9559
TORRETTA,Puntali San Nicolo',2022-08-18,156.911
MONREALE,Delle Scale San Martino,2023-07-24,156.4424
CARINI,Pizzo Cirina,2022-08-16,152.5148
VALLEDOLMO,Contrada Mandranuova,2021-09-19,151.9542
PETRALIA SOTTANA,Landro,2025-08-28,151.0802
BOLOGNETTA,Torretta,2020-08-30,149.7003
CACCAMO,Manche di Caccamo,2021-07-30,149.167
PALAZZO ADRIANO,ZOTTA GRANDE CARDI,2018-04-14,148.0707
TERMINI IMERESE,Monte San Calogero Varcoco,2022-09-15,148.0357
BOMPIETRO,Contrada Gallinone,,147.5466
CORLEONE,Contrada Giardinello,,146.9902
VALLEDOLMO,Celso/Crete Valledolmo (PA),2021-09-18,143.3505
MISILMERI,Mennula,2018-07-22,139.7496
PIANA DEGLI ALBANESI,Ducco,2025-09-09,137.2804
TRAPPETO,Trappeto,2023-09-22,135.7899
CARINI,Località Canalotto Carini (PA),,134.901
SANTA CRISTINA GELA,Pizzo Parrino,,132.4168
PARTINICO,Vallone Sant'Anna,2025-07-25,131.2393
ROCCAPALUMBA,Regalgioffoli,2021-08-08,122.3089
CASTRONOVO DI SICILIA,Castronovo,2022-06-26,120.7366
PALAZZO ADRIANO,Monaci,2025-07-28,120.6052
GIARDINELLO,Monte Gibilmesi,2021-08-10,120.6013
PIANA DEGLI ALBANESI,S. Agata,2023-10-12,119.4241
POLIZZI GENEROSA,Rovine S. Calogero,2021-08-11,116.1873
CORLEONE,Masseria Cappuccio,2024-07-01,115.619
MONREALE,"Valle Corta, Monreale (PA)",2018-10-28,114.1264
CONTESSA ENTELLINA,muricchio,2023-08-27,111.6849
MONREALE,Costa S'Anna,2020-02-26,108.6124
POLIZZI GENEROSA,Contrada Catuso,2022-06-27,108.3209
PIANA DEGLI ALBANESI,Ducco,,108.0906
CAMPOREALE,Monte Pietroso,2023-09-18,106.951
SCIARA,Mura Pregne,2022-09-25,106.3503
ALTOFONTE,I Serri Di Rebuttone,2025-07-24,105.9459
CACCAMO,Manche,2021-08-08,105.0942
BOLOGNETTA,Pizzo Del Cicera,,104.6879
CARINI,La Guardiola,2020-09-25,102.7851
CAMPOFIORITO,Parrina,2021-08-04,101.5667
MONREALE,Kaggio,2024-07-10,101.3291
PALERMO,Baglio Chiaranda,,101.2598
CAMPOFELICE DI FITALIA,Campofelice di fitalia,2021-08-14,100.9635
CASTELLANA SICULA,Contrada Avanella,2025-09-09,100.4412
CASTELLANA SICULA,"Calanchi,",2023-10-20,99.0035
MONREALE,Casa Sparacia,2022-08-03,98.4174
MONREALE,Contrada Fellamonica,2025-07-25,97.7168
ROCCAPALUMBA,Regalgioffoli,2021-08-09,95.5872
SANTA CRISTINA GELA,Zotta del Pomo,2023-09-21,93.2432
PETRALIA SOPRANA,Fasano,2023-10-14,92.792
VICARI,Vicari,2022-07-12,92.5643
PALERMO,Ciaculli,2018-07-17,92.2867
MONREALE,Contrada Tagliavia,2021-07-29,91.4831
BELMONTE MEZZAGNO,liste casale,2021-06-20,91.3991
MISILMERI,Mennula,2021-08-17,90.5862
SANTA CRISTINA GELA,Ponte Arcera,,90.1252
SAN GIUSEPPE JATO,Scala Di Ferro,2023-08-27,87.9089
ROCCAPALUMBA,Cozzo San Filippo,2020-07-17,86.9665
CASTRONOVO DI SICILIA,MARCATOBIANCO,2022-09-03,86.4435
CALTAVUTURO,Contrada Balate,2023-11-03,86.1589
TERMINI IMERESE,Monte S. Calogero,2024-10-08,85.3764
MONREALE,Piano Tavernelli,2022-05-06,83.6693
CARINI,La Guardiola,2022-09-08,83.4893
PETRALIA SOTTANA,Petralia Sottana,2020-08-14,83.0791
BELMONTE MEZZAGNO,Casale,2023-08-27,81.6025
MONTEMAGGIORE BELSITO,"Granza, Montemaggiore Belsito (PA)",2023-09-20,81.3548
MONREALE,Caputo,,80.5633
MONREALE,Valle Lupa,2021-02-28,80.4685
CACCAMO,Complesso Boscato Monte Cane,2023-10-26,78.7791
MISILMERI,Montagna Grande,2021-07-30,78.7663
ALIA,P.so del Bambino,,78.7543
CHIUSA SCLAFANI,Contrada Cartuccio,2025-06-27,77.0415
SCIARA,"Monte S. Calogero, Sciara (PA)",,76.549
SANTA CRISTINA GELA,Bosco Migliore,2023-08-28,76.4289
CONTESSA ENTELLINA,C.Gurgo,2023-07-22,76.0774
MONREALE,Cerasa,2023-07-23,75.6171
ALTAVILLA MILICIA,"Cozzo Fastughera,",2020-05-13,75.5645
SCLAFANI BAGNI,Casa Coscacino,2022-09-17,74.9645
SAN GIUSEPPE JATO,Scala Di Ferro,2020-08-29,73.6768
VICARI,Strasatto,2025-08-25,73.1019
GANGI,Contrada Capuano,2021-07-11,72.6015
SANTA CRISTINA GELA,Pianetto,2022-09-09,72.3498
PIANA DEGLI ALBANESI,Centrale Guadalami,,72.2224
ALIA,Fontanelle,2021-06-28,69.8741
GANGI,Contrada Zappaiello,2025-08-13,69.2793
PIANA DEGLI ALBANESI,Maganoce,2022-08-07,68.2045
MISILMERI,Costa Scalia,2021-06-27,67.9001
MISILMERI,Valle Cucchi,2020-08-23,66.1084
PRIZZI,Prizzi,2020-07-25,65.7217
MISILMERI,Raffi,2025-08-10,65.5943
MARINEO,Stretto di Marineo,2024-08-17,65.4727
ALIA,Contrada Gulfa,2022-06-26,64.141
MONREALE,Signora,2023-09-04,64.0282
VILLAFRATI,Cozzo Mulinazzo,2022-07-27,63.9088
VICARI,C. Serre,2018-07-21,63.3333
TERMINI IMERESE,Termini Imerese,2023-10-20,63.3047
PALAZZO ADRIANO,Contrada La Petrosa,2020-07-25,62.7127
MONREALE,Monte Della Fiera,2018-09-17,61.9766
CONTESSA ENTELLINA,Carrubba,2021-08-14,59.9179
MONREALE,"C.DA  Casale,",2023-10-05,59.2758
CONTESSA ENTELLINA,Miccina,2022-08-21,59.168
SANTA CRISTINA GELA,Turdiepi,2018-07-20,57.1855
CAMPOFELICE DI FITALIA,Campofelice Di Fitalia,2022-08-01,56.9077
PARTINICO,Margi Sottano,2025-07-20,56.7946
PETRALIA SOTTANA,Serre di Forche,,56.7001
PIANA DEGLI ALBANESI,Masseria Maganoce,2022-08-06,56.4434
MONREALE,Monte Della Fiera,2020-09-09,56.0553
CONTESSA ENTELLINA,Carrubba,2020-10-04,55.8234
ALIA,P.so del Bambino,2023-08-26,55.6746
SANTA CRISTINA GELA,Costa Zoria,2020-08-26,55.6217
MONREALE,Cozzo Busino,2020-08-30,55.1347
CHIUSA SCLAFANI,S. Venera,2025-08-12,54.639
MONREALE,CIMITERO DI MONREALE,2023-07-23,54.4741
MONREALE,"SORGIVA NOCE- BALATELLE,",2023-09-19,54.2057
ALIA,Contrada Gulfa,2021-08-15,54.0991
PETRALIA SOPRANA,Raffo,2021-07-29,53.8226
PALERMO,"Chiusa,San Giuseppe Jato (PA)",,51.8131
ROCCAMENA,Roccamena,2023-07-15,51.5066
CACCAMO,C. S. Maria,2023-12-01,51.4122
CALTAVUTURO,Portella Mangiante,2024-06-23,51.3633
TERMINI IMERESE,Cava Buttitta,2025-08-28,51.3459
TERMINI IMERESE,Cozzo Giardinello,2023-07-25,51.0509
MISILMERI,Costa Marcione,2021-07-30,50.554
PALERMO,Manche di Bellolampo,,49.9367
PALERMO,Casuzze,2018-07-22,49.5899
SANTA CRISTINA GELA,Masseria TurdiepiSnta,2022-09-25,48.1346
TERMINI IMERESE,Cozzo Ligneri,2023-10-20,47.6269
PIANA DEGLI ALBANESI,Maganoce,,47.352
SAN CIPIRELLO,Monte Jato,2020-07-24,46.6221
MONREALE,Strasatto,2023-09-23,46.6
CARINI,Costa Montanellotto,,46.4837
MONREALE,Renda,2022-08-18,46.3998
PIANA DEGLI ALBANESI,Masseria Rossella,2025-08-01,46.0147
MONREALE,Valle Lupa,2020-09-23,45.36
PALERMO,Valle Orecchiuta,2020-06-04,44.8918
PALERMO,Capo Gallo,2020-08-10,44.2242
CONTESSA ENTELLINA,Miccina,2021-09-30,43.1947
PRIZZI,C. Feudotto,2023-09-21,42.9046
ALTOFONTE,SBANDUTO,2022-09-05,42.4711
BOLOGNETTA,Torretta,2022-06-27,42.156
MARINEO,cozzo serena,2022-07-16,42.0949
SANTA CRISTINA GELA,Cozzo Carriu,2022-09-25,42.0076
CASTRONOVO DI SICILIA,Contrada Fanaco,2021-07-29,41.9024
MONREALE,Masseria Manali,2024-07-18,40.7953
CERDA,Casa Fontana Rossa,2025-09-09,40.3585
MONREALE,carrubella,2022-05-24,40.2848
PALERMO,SERRO CHIARANDA,2022-07-28,40.0936
MISILMERI,Mennula,,39.4368
POLIZZI GENEROSA,Contrada Salice,2023-07-25,39.1615
VICARI,Liste Della Margana,2020-09-01,38.9505
MONREALE,Monte Mirto,2020-07-22,38.9198
CORLEONE,Contrada Giardinello,2021-09-21,38.8019
MONREALE,Kaggio,,38.7085
VALLEDOLMO,Castellazzo,2021-08-07,38.4393
PIANA DEGLI ALBANESI,Ducco,2022-08-28,38.3623
BOLOGNETTA,Pizzo Cicero,2025-08-28,38.1395
GODRANO,Monticchio,2023-10-24,37.947
SAN MAURO CASTELVERDE,Contrada Canalicchio,2021-08-07,37.9295
MONREALE,Contrada Marzuso,2023-08-23,37.8647
ALIMINUSA,Boscigliaro,2021-07-23,37.7615
GIARDINELLO,"Montagna Longa Di Sagana, Giardinello (PA)",,37.643
PALAZZO ADRIANO,Rocca Della Ferita,2022-09-19,37.2507
CASTELDACCIA,Pizzo Di Cane,2018-07-25,37.1
MONREALE,Contrada Guastella,2023-08-26,36.8444
PALERMO,Capo Gallo,,36.753
PALAZZO ADRIANO,Piano Di Fuscia,2024-03-31,36.6826
CONTESSA ENTELLINA,C.Colletti,2021-09-15,36.2133
TORRETTA,Torretta,2023-08-17,35.6804
CACCAMO,Diga Rosamarina,2023-09-05,35.4815
TERMINI IMERESE,Cozzo Dell' Imperatore,,35.0925
PALERMO,Pizzo Scala,,34.9799
CACCAMO,M. Rotondo,2021-06-28,34.3526
PARTINICO,Contrada Falconeria,2025-08-29,34.2599
SAN GIUSEPPE JATO,Vallone Bell'aria,,34.2255
CARINI,"Costa Fastuche, Carini (PA)",2018-07-16,34.2194
MEZZOJUSO,Contrada Scorciavacca,2018-06-29,33.8434
CACCAMO,"Monte Rotondo, Caccamo (PA)",2018-07-30,33.8141
PALAZZO ADRIANO,Bosco Di Rifesi,2022-09-20,33.7571
CONTESSA ENTELLINA,S. Rosalia,2025-08-29,33.6808
CIMINNA,VALLONE MARRAIA,2018-09-11,33.6778
TERMINI IMERESE,Piano D' Imera,2020-08-29,33.5209
MISILMERI,Costa Marcione,2025-08-20,33.4913
COLLESANO,Casa Tabarani,2024-05-08,33.3838
MONREALE,Monte Billiemi,2021-08-14,33.2415
CARINI,Cozzo Lupo,2022-09-25,33.1798
CASTRONOVO DI SICILIA,MARCATO BIANCO,,33.1002
TERRASINI,Paterna,2024-09-20,32.5089
MISILMERI,Risalaimi,2024-09-08,32.329
CACCAMO,Stazione di Roccapalumba - Roxiura,2020-06-18,32.2476
PALERMO,poggio ridente,2022-08-19,31.9635
MONTELEPRE,Costa Saracenello,,31.8619
SANTA CRISTINA GELA,Zotta del pomo,2022-09-08,31.7296
CHIUSA SCLAFANI,Contrada Cartuccio,2021-03-29,31.6891
POLIZZI GENEROSA,San Cono,2024-08-19,31.4425
ROCCAPALUMBA,"Borgo Manganaro, Roccapalumba (PA)",,31.3241
MISILMERI,Raffi,2020-08-20,31.1566
MISILMERI,Cozzo Montagnola,2023-08-14,30.8665
COLLESANO,Contrada Morgifuto,2023-10-20,30.8432
MONREALE,Monte Signora,2023-10-12,30.7614
MARINEO,Parco Vecchio,2024-07-22,30.3707
BELMONTE MEZZAGNO,Casale,2023-08-27,30.3592
PETRALIA SOTTANA,Irosa,2023-09-22,29.9291
ALTOFONTE,Valle Femmina Morta,2025-09-22,29.7933
MONREALE,Borgo Saladino,2020-06-30,29.7735
CACCAMO,Rocca Grande,2018-07-23,29.51
MONREALE,Contrada Billiemi,2023-08-23,29.3831
PRIZZI,Prizzi,2023-09-21,29.3558
PETRALIA SOPRANA,Madonnuzza,2020-08-02,29.08
MISILMERI,"Medolala, Misilmeri (PA)",2021-06-21,28.6183
CACCAMO,Manche,2022-08-02,27.9793
CACCAMO,Manche,2023-08-04,27.9018
MISILMERI,Feotto,2025-08-22,27.7697
MONREALE,Gusina,2021-08-27,27.7199
SANTA CRISTINA GELA,Salice,2025-07-25,27.617
PALERMO,poggio ridente,2023-07-25,27.5954
CASTRONOVO DI SICILIA,Pianioli,2018-07-13,27.3388
MONTEMAGGIORE BELSITO,Piano Di Forgia,2022-08-15,27.2938
ALTOFONTE,Valle Fico versante via zarcone,,27.2083
MISILMERI,Monte Frumento,,27.1262
ALIA,Alia,2020-07-13,27.1131
MISILMERI,Resalami,2020-08-30,26.9094
PALAZZO ADRIANO,Bosco Di Rifesi,2025-07-05,26.8721
CASTRONOVO DI SICILIA,Pietre Cadute,2023-07-19,26.8533
CHIUSA SCLAFANI,M. Colomba,2025-08-06,26.8478
SANTA CRISTINA GELA,"Cozzo Montagna, ",,26.5214
CARINI,Piano Di S. Venere,2020-09-25,26.2218
VICARI,Vicari,2023-10-19,26.191
BELMONTE MEZZAGNO,Jancheria,2018-10-27,26.1812
MISILMERI,Rocca Bianca,2020-08-07,26.0034
ISNELLO,C.ZO MEDIE,2020-03-12,25.9541
ALIA,Casuzze,2020-07-19,25.9382
PALERMO,valle del porco,2020-09-05,25.7891
PARTINICO,Grassuri,2025-07-24,25.6524
CASTELLANA SICULA,Pizzo Croce,2025-10-07,25.609
MONREALE,Cerasa,2021-07-31,25.3774
SANTA CRISTINA GELA,POGGETTO,2021-08-17,25.3155
PETRALIA SOPRANA,Fasano,2025-09-09,25.2688
CASTRONOVO DI SICILIA,Santuario Di Piedigrotta,2020-05-16,24.9487
ALIA,Contrada Gulfa,2023-07-23,24.7225
SCILLATO,Punta Cupiglione,2023-02-24,24.6882
SANTA CRISTINA GELA,Pianetto,2020-07-23,24.4584
PIANA DEGLI ALBANESI,Centrale Guadalami,2022-08-05,24.203
PALERMO,Capo Gallo,,24.0688
PALAZZO ADRIANO,Costa Della Menta,,24.0408
PALAZZO ADRIANO,Pizzo Gallinaro,2021-05-23,24.0106
VENTIMIGLIA DI SICILIA,Traversa,,23.4801
MONREALE,Cerasa,2020-08-02,23.1014
MARINEO,Cozzo Serena,2024-09-04,23.0014
SANTA CRISTINA GELA,Pianetto,,22.7977
ISNELLO,Isnello,2023-07-25,22.4705
MONREALE,"V.ne dei Cippi,",2022-07-17,22.4546
ALTAVILLA MILICIA,Torre Normanna,2021-08-17,22.3749
MONREALE,Villaggio Montano,2023-09-23,22.3572
MONREALE,Lago Poma,2020-08-12,22.3514
VILLAFRATI,Cozzo Mulinazzo,2020-05-23,22.3506
MONREALE,Guadalami,2022-09-16,22.1665
ALIA,Contrada Gulfa,2021-08-23,21.9003
TRABIA,Serra Mola,2020-05-26,21.8678
PIANA DEGLI ALBANESI,Ducco,2022-09-15,21.3653
MONREALE,Volo  dell'aguila,2020-08-01,21.2263
PALERMO,Madonna Del Ponticello,2020-10-03,21.0821
MISILMERI,Risalaimi,2022-07-24,20.9691
CONTESSA ENTELLINA,Garcia,2023-08-27,20.8968
CACCAMO,Cozzo Sannita,2021-09-01,20.6598
PRIZZI,Filaga,2023-10-20,20.4477
MONREALE,Vallone dei Cippi,2022-08-01,20.3481
SAN GIUSEPPE JATO,Fosso della Chiusa,2022-10-03,20.3431
TERMINI IMERESE,Rovine Di Himera,2018-07-28,20.3267
MEZZOJUSO,"C/da Frattina ,",2023-09-22,20.218
SAN GIUSEPPE JATO,Contrada Traversa,2025-07-17,20.1843
TERMINI IMERESE,Danigarci,2023-09-14,19.8376
SCILLATO,Firrionello Scillato (PA),,19.7817
SANTA CRISTINA GELA,Pianetto,,19.7679
TERMINI IMERESE,Cozzo Giardinello,2021-07-04,19.7368
CHIUSA SCLAFANI,Chiappanti,2022-04-25,19.701
MONREALE,Valle Lupa,2022-09-10,19.6291
CACCAMO,M. Rotondo,2018-07-30,19.4816
SANTA CRISTINA GELA,Costa Zoria,2020-08-31,19.4758
BELMONTE MEZZAGNO,Montagnoli,2022-07-08,19.4467
BOMPIETRO,Contrada S. Filippo,2022-05-02,19.013
CACCAMO,cammarata,2020-08-17,18.8411
TORRETTA,Piano Mollica,,18.7041
MONREALE,Convento San Cosmo scavi archeologici,2018-06-07,18.6999
ALIA,Contrada Passo Concetta,2020-06-26,18.5017
MONREALE,Lago Poma,2025-09-07,18.5004
MONREALE,Monte Belliemi,2021-08-03,18.4887
CONTESSA ENTELLINA,Petraro,,18.4813
BOLOGNETTA,Torretta,2023-07-21,18.454
ALTOFONTE,Valle Di Rebuttone,2021-08-16,18.3639
PALAZZO ADRIANO,ZOTTA GRANDE CARDI,,18.3554
BAGHERIA,Porcara,2023-07-25,18.3475
CACCAMO,Cozzo Ricottelli,2020-08-17,18.2879
CALTAVUTURO,Cozzo Rosso,2021-08-04,18.2599
BELMONTE MEZZAGNO,Casale,2020-08-28,17.9352
BOLOGNETTA,Coda di Volpe,2020-08-31,17.9295
MISILMERI,Cozzo Montagnola,2021-06-27,17.9264
MONREALE,Costa Della Finocchiara,2018-07-29,17.871
BAGHERIA,Monte Catalfano,2022-05-05,17.861
CACCAMO,Roxiura,2021-09-02,17.6453
ALTOFONTE,Moarde,2025-08-10,17.6278
PRIZZI,Prizzi,2023-09-20,17.5598
MONREALE,Monte Signora,2022-09-21,17.1261
MONREALE,Poggio S. Francesco,2021-08-17,17.1095
CARINI,Costa La Mennula,2022-09-16,17.004
GODRANO,Rocca Rossa,2022-07-17,16.9668
CHIUSA SCLAFANI,Cardillo,2020-08-07,16.8703
MONREALE,Monte Signora,2021-08-10,16.8503
COLLESANO,Contrada Gargi Di Cenere,2020-07-09,16.7868
SANTA CRISTINA GELA,"Pianetto , Santa Cristina Gela (PA)",2022-09-08,16.7584
CIMINNA,SERRE DI CIMINNA,2020-08-01,16.6406
CHIUSA SCLAFANI,Valle Vite,2025-06-27,16.5744
LERCARA FRIDDI,Contrada Todaro,2025-07-15,16.5506
PALERMO,Parco Della Favorita,2023-10-05,16.5228
MONREALE,Valle Taio,2023-07-24,16.5045
ALTOFONTE,Valle Del Fico,2020-09-18,16.497
LASCARI,ROCCA DI CORVO,2022-08-07,16.4721
BLUFI,Malpasso,2024-07-26,16.2973
MONREALE,Lago Poma,2023-08-27,16.229
TERRASINI,Paternella,2024-06-08,16.1582
CONTESSA ENTELLINA,Sommacco,,16.1112
GIARDINELLO,Oliveto,2022-09-10,16.09
PALAZZO ADRIANO,Rocca Della Ferita,2023-08-06,16.0734
ALTOFONTE,Valle Femmina Morta,2022-09-23,16.0636
COLLESANO,Contrada Gargi Di Cenere,,16.0593
TERMINI IMERESE,Cava Buttitta,2022-08-18,16.0528
BOLOGNETTA,Cozzo Catalano,2020-07-24,15.5799
MONREALE,Miccini,2022-08-05,15.5762
TERMINI IMERESE,Rovine Di Himera,2021-07-06,15.5684
SCIARA,Canale Manfrè,2020-07-27,15.5032
CIMINNA,Il Pizzo,2020-08-21,15.2503
MONTELEPRE,Suvarelli,,15.1323
MEZZOJUSO,Contrada La Lacca,2024-07-25,15.0266
CALTAVUTURO,C. S. Bartolo,2022-08-18,15.0035
SCLAFANI BAGNI,Casa Coscacino,,14.9541
CACCAMO,Contrada S. Nicola,2022-06-27,14.9469
CINISI,Gifina,2020-06-19,14.926
PALAZZO ADRIANO,Contrada Gebbia,2020-07-24,14.8801
PRIZZI,Contrada Martino,2022-08-17,14.8712
CIMINNA,Contrada S. Caterina,2020-09-21,14.8339
MONREALE,Santuario di Tagliavia,2022-09-02,14.8147
PALERMO,Capo Gallo,,14.779
SAN MAURO CASTELVERDE,Contrada Ciambra,2021-08-06,14.6372
TERMINI IMERESE,Termini Imerese,2022-08-19,14.6304
MONREALE,Lago Poma,2024-08-26,14.4976
MARINEO,Costa Marcione,,14.3847
CACCAMO,Roxiura,2025-08-04,14.3525
BAGHERIA,Monte Catalfano,2020-06-22,14.2566
ALIA,Portella Calcare,2023-07-19,14.251
ALTOFONTE,La Moarda,2025-08-09,14.247
BELMONTE MEZZAGNO,Finocchiara,2020-05-18,14.148
CACCAMO,Manche di Caccamo,2023-09-12,14.1245
MEZZOJUSO,"Petrosa ,",2023-10-15,14.1076
MONREALE,Valle Lupa,2022-09-09,14.1003
VILLAFRATI,Pizzo Chiarastella,2021-06-30,13.896
ALTOFONTE,Valle Femmina Morta,2022-07-15,13.7197
COLLESANO,Contrada Gargi Di Cenere,2023-09-04,13.6593
BAUCINA,Pizzo Dell' Aquila,2021-06-10,13.6352
COLLESANO,Casa Basalaci,2021-08-04,13.6338
TERMINI IMERESE,Monte San Calogero,2023-09-20,13.4093
ALTOFONTE,Valle Di Rebuttone,2022-09-16,13.3852
PALERMO,poggio ridente,2021-05-17,13.3644
MISILMERI,Costa Scalia,2018-09-01,13.356
CARINI,Monte Saraceno,2024-01-05,13.3327
MEZZOJUSO,Contrada Scorciavacca,2024-07-01,13.3069
PRIZZI,Contrada Grimaldi,2025-07-11,13.2825
ALTOFONTE,Montagna Di Rebuttone,,13.272
ALTOFONTE,BALZO ROSSO,2020-05-05,13.2606
SANTA CRISTINA GELA,Cicirata,2023-08-21,13.2325
ALTOFONTE,Valle Tre Timponi,,13.2318
CORLEONE,C.Giardinello,2025-08-31,13.1945
MONREALE,Contrada Dammusi,2025-09-06,13.1672
MISILMERI,Case Greco,,13.1502
CHIUSA SCLAFANI,"Monte Peloso,",2023-10-10,13.1049
PIANA DEGLI ALBANESI,Casalotto,2024-07-09,13.0417
PALERMO,Manche di Bellolampo,2022-08-18,12.9462
CHIUSA SCLAFANI,Chiusa Sclafani,2025-08-30,12.9411
CINISI,piano margi,2018-07-19,12.926
CAPACI,Quarara,2022-08-01,12.8599
TORRETTA,"Sopra Ogliastro , Torretta (PA)",2022-08-07,12.8515
MONTEMAGGIORE BELSITO,Bevaio Battaglia,2018-07-14,12.8391
BOLOGNETTA,COZZO SCOZZARI,2022-08-04,12.828
PALERMO,Monte Pellegrino,2023-08-15,12.8136
MONREALE,Contrada Giancaldara,2024-08-16,12.7701
MONREALE,Miccini,2023-09-20,12.7059
PRIZZI,Filaga,2025-08-10,12.6573
MONREALE,lago Poma,2025-06-10,12.6428
VALLEDOLMO,Sampieri,2025-08-20,12.6341
PRIZZI,Contrada Martino,2022-08-16,12.6005
PALERMO,Monte Pellegrino,2021-05-23,12.5744
TERMINI IMERESE,Rovine Di Himera,2021-07-21,12.5664
MARINEO,Costa Marcione,2025-08-20,12.5432
PARTINICO,Fiume Jato c.dra Monacaddi,2022-08-19,12.4913
MARINEO,Suvarita,2023-10-11,12.4231
MONREALE,Cerasa,2021-07-29,12.39
SANTA CRISTINA GELA,Pianetto,,12.3308
CHIUSA SCLAFANI,Piano Cardone,2025-06-24,12.2275
MISILMERI,Montagna Grande,2020-07-26,12.1521
ALTAVILLA MILICIA,Monte S. Michele,2024-04-22,12.1285
TERMINI IMERESE,Cozzo Dell' Imperatore,,12.0449
CASTELBUONO,Contrada S. Elia,2022-12-10,12.0262
PALERMO,Monte Grifone,2018-04-26,12.0081
MONREALE,Cozzo Paparina,2018-07-14,11.8843
SAN MAURO CASTELVERDE,Contrada Altopiano,2023-09-21,11.8415
TERMINI IMERESE,Cava Buttitta,2023-09-20,11.8371
SANTA CRISTINA GELA,Pietra Del Corvo,2025-09-08,11.8226
BISACQUINO,Triona,2022-06-17,11.7582
CASTRONOVO DI SICILIA,Contrada Magaloggino,2020-09-01,11.7445
SANTA CRISTINA GELA,Pianetto,2025-07-04,11.7344
CAMPOREALE,Camporeale,,11.7003
VENTIMIGLIA DI SICILIA,Traversa,2018-07-29,11.6693
MEZZOJUSO,Contrada La Lacca,2023-09-03,11.4753
ALIA,Contrada Gulfa,2023-07-20,11.4742
MONREALE,Kaggio,2020-05-12,11.4423
PALAZZO ADRIANO,Contrada S. Benedetto,,11.3905
TERMINI IMERESE,P.te Malpertuso,,11.3334
ALTOFONTE,BALZO ROSSO,2020-07-29,11.3054
ALTOFONTE,Bosco Di Rebuttone,2021-07-11,11.2619
PALAZZO ADRIANO,Monte Indisi,,11.2236
BISACQUINO,Tarucco,,11.1508
BELMONTE MEZZAGNO,montagnoliI Belmonte Mezzagno (PA),,11.1385
SANTA CRISTINA GELA,Pianetto,2025-07-26,11.126
CAMPOFIORITO,Parrina,2025-03-21,11.0427
CIMINNA,SERRE DI CIMINNA,2023-10-10,11.011
CAPACI,Capaci,2020-06-30,10.9763
CACCAMO,Acqua grande,2018-09-17,10.9759
CACCAMO,Monte S. Calogero,2024-04-14,10.9332
PALAZZO ADRIANO,Timpe Rosse,2024-08-01,10.909
ALTAVILLA MILICIA,"Coste, Altavilla Milicia (PA)",2023-01-06,10.8746
MISILMERI,Mennula,2025-07-21,10.8097
MISILMERI,GIBILROSSA,2023-09-13,10.7911
CALTAVUTURO,Monte Riparato,2023-02-24,10.699
CONTESSA ENTELLINA,Bufalo,2023-10-13,10.6308
MISILMERI,Casa Risalaimi,,10.6208
MONREALE,Cannavera,2023-09-20,10.5677
MONTELEPRE,Monte D'Oro,,10.5093
CACCAMO,Roxiura,2020-08-31,10.5032
CARINI,"Fossi, Carini (PA)",2020-02-29,10.4477
PIANA DEGLI ALBANESI,Cugno S.Agata,2025-06-28,10.4188
PALERMO,Monte Grifone,2023-04-24,10.4178
CACCAMO,Roxiura,2022-09-10,10.3785
ALTAVILLA MILICIA,Pizzo Selva La Mare,2020-03-01,10.3444
MARINEO,Marvotta,2023-10-10,10.3336
CHIUSA SCLAFANI,S.Carlo,,10.3317
SANTA CRISTINA GELA,PIZZO CERVO,2020-07-30,10.3312
PRIZZI,M. Dei Cavalli (Hippana),2021-08-08,10.304
ROCCAPALUMBA,Cozzo San Filippo,2020-07-21,10.2811
BELMONTE MEZZAGNO,Finocchiara,2020-07-11,10.273
GIARDINELLO,Carcatizzi,2023-10-19,10.2246
SANTA CRISTINA GELA,Pianetto,,10.1956
ROCCAMENA,Contrada Rinelli,2022-08-22,10.1702
CERDA,Pizzo Della Guardia,2021-08-09,10.1651
GANGI,Marocchello,2022-07-29,10.1493
GODRANO,Contrada Cannitello,2024-07-21,10.1087
PALAZZO ADRIANO,Cerza,2020-05-19,10.1005
MISILMERI,Case Greco,,10.0656
COLLESANO,Contrada Gargi Di Cenere,2023-08-29,10.0529
MONTEMAGGIORE BELSITO,"Monte Roccelito, Montemaggiore Belsito (PA)",2018-07-21,9.9788
BOLOGNETTA,"C.ZOS. Anna.,",2022-08-06,9.9745
TERMINI IMERESE,"Monte S. Calogero,",2021-08-04,9.9201
CARINI,COSTA BUFFA,,9.889
MISILMERI,Montagna Grande,2021-06-29,9.8793
SAN GIUSEPPE JATO,"Contrada Dammusi,",2022-06-28,9.8718
CHIUSA SCLAFANI,Gurra,2021-08-29,9.8575
PETRALIA SOPRANA,Salici e Balza Scala,2023-11-16,9.85
POLIZZI GENEROSA,Granci Sotto,2024-10-06,9.6749
LASCARI,San Sebastiano,2022-08-06,9.6568
TERMINI IMERESE,SUVARITA,2020-09-25,9.5825
MONREALE,Monte Renda,,9.5403
CAPACI,Zarcati,2023-10-15,9.5267
CALTAVUTURO,Caltavuturo,,9.513
PARTINICO,"Lago Poma SP2, Partinico (PA)",,9.5027
CASTELDACCIA,Corvo,2020-08-28,9.489
MARINEO,Costa Marcione,,9.4769
PRIZZI,Contrada Borruso,2021-09-14,9.4439
COLLESANO,Pizzo Cerro,2020-05-13,9.4142
BELMONTE MEZZAGNO,Finocchiara,,9.4086
MONREALE,Cerasa,2021-05-19,9.3674
BLUFI,Passo Di S. Andrea,2022-09-04,9.3039
PALAZZO ADRIANO,Timpe Rosse,2024-09-08,9.2968
MONREALE,"Giancaldara (Lago Poma), Monreale (PA)",2022-06-25,9.2901
TERMINI IMERESE,"Termini,Termini",2023-08-27,9.277
BOLOGNETTA,Cozzo del Lupo,2020-08-04,9.2644
MONREALE,Monte Fiascone,2022-08-18,9.2157
TERRASINI,Gazzara,2020-03-02,9.2128
GIULIANA,S. Marco,2022-09-05,9.207
TERMINI IMERESE,"Chiusa,",2020-06-01,9.1888
MONREALE,Caputello,2020-05-12,9.1157
ISNELLO,Contrada Madonna Lume,2023-07-27,9.0192
CONTESSA ENTELLINA,Carrubba,2023-10-16,8.9518
MONREALE,Monte Fiascone,2018-07-24,8.88
CHIUSA SCLAFANI,CHIUSA LA VECCHIA,2020-08-03,8.8584
BELMONTE MEZZAGNO,"Cozzo Salerno, Belmonte Mezzagno",,8.8574
CACCAMO,Complesso Boscato Monte Cane,2022-08-19,8.8201
PIANA DEGLI ALBANESI,LASI,2021-08-12,8.8052
PRIZZI,C.da Migliotta,2024-07-28,8.8034
CASTRONOVO DI SICILIA,Castronovo,2023-07-15,8.7944
BISACQUINO,Valle Lupa Bisacquino (PA),2024-03-17,8.7701
ALTOFONTE,Bosco Di Rebuttone,,8.7521
TERMINI IMERESE,Corte Vecchia,2022-08-18,8.7214
PALERMO,Bellolampo,2022-06-21,8.6409
PRIZZI,Prizzi,2023-09-22,8.6115
PETRALIA SOTTANA,Irosa,2023-09-13,8.5671
BELMONTE MEZZAGNO,Monte S. Caterina,,8.542
MISILMERI,Costa Marcione,2023-11-05,8.5419
BELMONTE MEZZAGNO,Pizzo Belmonte,2022-07-16,8.5292
CASTRONOVO DI SICILIA,Contrada S. Cono,,8.4719
POLIZZI GENEROSA,Case Dirupo Bianco,2022-03-26,8.4277
ALIA,"Bivio sette frati, Alia (PA)",2020-08-04,8.3894
MONTELEPRE,Monte D'Oro,2021-08-04,8.3692
CASTRONOVO DI SICILIA,S. Vitale,2025-08-06,8.3657
CACCAMO,"San Felice, Caccamo (PA)",2018-08-22,8.3447
CHIUSA SCLAFANI,Contrada Cartuccio,2024-06-11,8.2671
CASTELDACCIA,Traversa - Navurra Casteldaccia (PA),2018-09-29,8.1797
PIANA DEGLI ALBANESI,Argomasi,2022-07-24,8.1693
BELMONTE MEZZAGNO,Casale,2025-07-11,8.1365
MONREALE,Contrada Marzuso,2023-07-31,8.127
COLLESANO,Contrada Gargi Di Cenere,,8.1227
MONREALE,Poggio S. Francesco,2020-08-11,8.0964
PETRALIA SOPRANA,Raffo,2021-07-31,8.0954
CACCAMO,Valle Pernice,2021-09-17,8.0585
MONTELEPRE,Poggio Muletta,2023-10-30,8.0549
CARINI,Cozzo Lupo,2018-07-18,8.0043
MISILMERI,Montagnola,2023-07-18,7.9904
TERMINI IMERESE,Cozzo Dell' Imperatore,2018-09-16,7.9498
ALTOFONTE,Pizzo Di Valle Del Fico,,7.9134
MISILMERI,Montagna Grande,2020-05-05,7.9089
CHIUSA SCLAFANI,Valle Vite,2025-06-28,7.8993
PALERMO,Manche di Bellolampo,2022-08-19,7.8802
CINISI,piano margi,2023-10-20,7.8701
MONTELEPRE,La Vallotta,,7.8561
CIMINNA,Pistoleni,2020-08-17,7.808
MONREALE,Monte Renda,2025-08-14,7.8055
CASTRONOVO DI SICILIA,Contrada Scivolilli,2025-07-15,7.8052
BAUCINA,Contrada Noce,2018-07-21,7.8051
SANTA FLAVIA,Solunto Torre Muzza,2018-05-11,7.7857
CASTELDACCIA,"Accia,",2022-09-14,7.7669
CIMINNA,San Pantaleo,2018-08-13,7.7663
TERMINI IMERESE,Danigarci,2024-08-17,7.7603
MONREALE,Cozzo Cippi,2021-07-02,7.7561
TERMINI IMERESE,Chiusa,2022-05-21,7.7321
CACCAMO,"Santa Rosala, Caccamo (PA)",,7.7162
TERMINI IMERESE,Cozzo Ligneri,2022-06-26,7.7154
SANTA CRISTINA GELA,Spit E Fifiut,2023-09-15,7.6649
CASTRONOVO DI SICILIA,Contrada Magaloggino,2025-07-21,7.5851
ALTAVILLA MILICIA,Cozzo Cannamosca,2020-09-25,7.551
MONREALE,Strasatto,,7.5409
TERMINI IMERESE,Monte S. Calogero,2022-04-12,7.5367
PIANA DEGLI ALBANESI,Cozzo rossella,2022-06-28,7.535
PIANA DEGLI ALBANESI,Cozzo S. Angelo,,7.5255
PIANA DEGLI ALBANESI,Monte Maganoce,2022-08-04,7.5245
ALTOFONTE,VALLE FICO,2022-06-22,7.5237
CHIUSA SCLAFANI,Contrada Cartuccio,,7.5216
SANTA CRISTINA GELA,PIZZO CERVO,2020-07-30,7.5197
MONREALE,Miccini,,7.515
SAN GIUSEPPE JATO,Cozzo Piraino,2021-03-11,7.5003
ALIA,Pizzo Garibaldi,2022-08-17,7.4826
CHIUSA SCLAFANI,Contrada Cartuccio,2025-08-13,7.4691
MONREALE,Contrada Billiemi,2025-09-13,7.447
MISILMERI,Frattina,2020-08-10,7.4384
MISILMERI,MENDOLA,2021-08-25,7.4005
PIANA DEGLI ALBANESI,Lago Piana circolo canottaggio,2023-10-19,7.399
CASTRONOVO DI SICILIA,Depupo,2024-07-17,7.3724
CACCAMO,Cangemi,2025-07-24,7.3681
ALTOFONTE,via linea ferrata,2024-08-26,7.355
PRIZZI,Contrada Grimaldi,2021-07-02,7.3494
CACCAMO,Complesso Boscato Monte Cane,2022-10-05,7.3241
CASTRONOVO DI SICILIA,Depupo,2025-08-06,7.309
ALTOFONTE,Portella Rebuttone,2025-07-26,7.2647
CONTESSA ENTELLINA,Chiappetta,2022-06-26,7.2618
BELMONTE MEZZAGNO,Pizzo Neviera,,7.2368
CALTAVUTURO,Rocca Di Sciara,,7.2353
MONREALE,Contrada Guastella,2023-08-06,7.2259
BAGHERIA,Porcara,2022-06-25,7.184
MONREALE,Monte Fiascone,2018-07-24,7.1833
BISACQUINO,Giancavallo,,7.1767
MONREALE,Miccini,2022-06-27,7.1761
MISILMERI,Frattina,2020-07-11,7.1506
SCIARA,Suvarelli,2022-05-18,7.0967
BELMONTE MEZZAGNO,Casa Placa,,7.0942
PIANA DEGLI ALBANESI,Monte Rossella,2018-08-04,7.0753
LERCARA FRIDDI,Lercara Friddi,2023-07-05,7.0461
ALIA,Bevaio Del Bosco,2023-09-05,6.9917
BAGHERIA,Monte Porcara,2024-07-14,6.9786
ALTOFONTE,Salvina,2018-07-22,6.9731
GODRANO,Contrada Cannitello,2024-09-02,6.9487
CONTESSA ENTELLINA,"S. Maria del Bosco, Contessa Entellina (PA)",2020-01-06,6.9118
CALTAVUTURO,Contrada Suvari,2024-03-30,6.907
TRAPPETO,San Cataldo,2021-07-25,6.9024
CAPACI,Costa Perniciaro,2018-07-26,6.8882
BOMPIETRO,Contrada S. Filippo,2023-10-05,6.8797
TERMINI IMERESE,Incallisi,2022-07-20,6.8576
SANTA CRISTINA GELA,Zotta del Pomo,2018-04-15,6.8272
MARINEO,Parco Vecchio,2024-10-13,6.8235
TERMINI IMERESE,"Chiusa,",2023-07-02,6.8191
BOLOGNETTA,Liberto,2022-07-06,6.8035
MISILMERI,Potabilizzazione Impianto Di,2024-03-08,6.735
PALERMO,Falconara,2023-07-23,6.7114
BISACQUINO,Ciancianello,2020-03-22,6.6784
SANTA CRISTINA GELA,Cozzo Dello Sbanduto,2022-09-09,6.6744
MONREALE,Strasatto,2023-09-05,6.647
MONTEMAGGIORE BELSITO,San Giovanni,2021-09-25,6.5878
CACCAMO,CAMMARATA,2020-08-11,6.5827
CACCAMO,M. Rotondo,2020-01-21,6.5827
TRABIA,Sant'Onofrio,2022-10-07,6.5544
MISILMERI,Portella Di Mare,2023-05-07,6.5523
BELMONTE MEZZAGNO,Monte S. Caterina,2022-06-28,6.5415
CARINI, Giagaffi,2020-06-14,6.5412
MONREALE,Cozzo Cippi,2022-08-17,6.4415
MISILMERI,Risalaimi,2025-09-17,6.441
TERMINI IMERESE,Cangemi,2025-08-27,6.4397
ALTOFONTE,Cozzo Ferrera,,6.3828
MONREALE,Miccini,2023-08-31,6.3259
CALTAVUTURO,Monte Riparato,2025-10-12,6.3085
CASTELLANA SICULA,Cantoniera Maimone,2025-08-07,6.2987
SANTA CRISTINA GELA,Migliore,2023-09-19,6.2579
BOLOGNETTA,Cozzo Del Lupo,2023-07-23,6.2468
PARTINICO,Madonna Del Ponte,,6.24
PARTINICO,Diga jato S.Anna,2025-07-20,6.2367
MONREALE,Miccini,2023-10-20,6.2333
PALERMO,Valle Giorgia,2020-08-18,6.2293
BOLOGNETTA,Bolognetta,2025-08-13,6.2239
BAGHERIA,Monte Catalfano,2021-06-10,6.2124
SAN GIUSEPPE JATO,Fosso della Chiusa,2020-09-22,6.1829
SAN MAURO CASTELVERDE,Contrada Karsa,2021-07-02,6.1492
MARINEO,Costa Marcione,,6.1406
GERACI SICULO,Contrada Ramusa,,6.0889
SANTA CRISTINA GELA,Mandra Turdiepi,2022-09-13,6.0881
MONTELEPRE,Calcerame,2022-08-07,6.079
BOLOGNETTA,Cozzo Cucchi,2020-08-30,6.0598
BAGHERIA,Porcara,,6.0384
VILLAFRATI,Contrada Capezzana,2020-09-22,6.0151
SANTA CRISTINA GELA,Rossella,2020-05-16,6.0074
SCILLATO,Cammisini,2025-04-14,6.0055
TERMINI IMERESE,C/da Valanche,2022-07-03,5.9723
CARINI,Lo Zucco,2021-08-24,5.9543
TERMINI IMERESE,Monte San Calogero,,5.9155
CACCAMO,Roxiura,2021-09-03,5.8939
ALTOFONTE,Valle Di Rebuttone,2024-08-26,5.8919
TERRASINI,Costa Stagno,2022-09-28,5.882
PRIZZI,C.,2022-07-30,5.88
BISACQUINO,C.Argentiera,2021-09-23,5.8566
PALERMO,Manche di Bellolampo,2022-08-19,5.8451
MONREALE,Miccini,,5.8428
CINISI,Madonna Del Furi,2022-09-23,5.8123
SANTA CRISTINA GELA,Pianetto,2021-08-13,5.7948
ISNELLO,Monte Grotta Grande,2023-07-26,5.7735
MONTELEPRE,Cozzo Di Vite,2022-07-13,5.755
MONREALE,"Punta Della Vecchia, Monreale (PA)",2021-04-08,5.7426
ALIMINUSA,Aliminusa,2022-09-23,5.7373
ALTOFONTE,Valle Del Fico,2025-09-21,5.7328
MISILMERI,Montagna Grande,2020-07-05,5.7138
MONREALE,Monte Petroso,2018-01-07,5.7067
BISACQUINO,Cuzzitello Sottomadonna,2021-05-23,5.6591
CACCAMO,Acqua grande,,5.6527
BAUCINA,Monte Carrozza,2024-08-29,5.6495
MISILMERI,Misilmeri,2025-07-25,5.6406
CACCAMO,Favara,,5.6394
CACCAMO,Contrada Gurgo,,5.6214
CALTAVUTURO,Caltavuturo,2024-04-11,5.615
PALERMO,vallone pizzo sella,,5.5776
PRIZZI,Filaga,2022-09-09,5.536
PIANA DEGLI ALBANESI,Lago Di Piana Degli Albanesi,2018-04-04,5.5323
BELMONTE MEZZAGNO,Belmonte Mezzagno,2022-06-04,5.5131
PARTINICO,Lago Poma,,5.5072
CHIUSA SCLAFANI,Contrada Cartuccio,2025-08-14,5.4625
PIANA DEGLI ALBANESI,Dingoli,2020-02-19,5.4236
SANTA CRISTINA GELA,Ponte Arcera,2023-09-07,5.4199
TERMINI IMERESE,Cozzo malpertuso - Termini Imerese (PA),2018-09-08,5.4042
MONREALE,casaboli,2024-03-15,5.3948
VENTIMIGLIA DI SICILIA,cozzo pantaleo,2018-07-05,5.3839
MONREALE,Monte Della Fiera,2022-05-24,5.3794
MEZZOJUSO,Candreo,2025-06-13,5.378
ALTAVILLA MILICIA,Torre Normanna,2025-09-10,5.355
PARTINICO,Madonna Del Ponte,,5.352
MISILMERI,Mennula,2020-08-30,5.3318
ALIMENA,Alimena,2023-10-06,5.2494
CIMINNA,Bosco vecchio Ciminna,2020-08-03,5.2414
ISNELLO,Contrada Madonna Lume,2020-05-18,5.233
CARINI,Bausu Moscala,2021-07-27,5.2201
SCLAFANI BAGNI,Contrada Miano,2021-08-04,5.1819
CHIUSA SCLAFANI,Chiappanti,2021-04-08,5.1547
PIANA DEGLI ALBANESI,Argomazit,2020-09-02,5.1471
MISILMERI,Risalaimi,2025-09-20,5.1411
COLLESANO,Contrada Garbinogara,2025-09-10,5.1319
MONTEMAGGIORE BELSITO,"Monte Roccelito, Montemaggiore Belsito (PA)",,5.1017
ROCCAPALUMBA,Timpi Roccapalumba (PA),,5.0952
MARINEO,Costa Marcione,,5.0946
PRIZZI,Filaga,2020-08-27,5.0363
CERDA,Pizzo Della Guardia,2018-08-16,5.0255
CARINI,Valle D'Olmo,2023-09-23,5.0239
MONREALE,Valle Fontana Fredda,2020-08-14,5.0142
CACCAMO,S.Rosala,2020-05-14,4.999
BAGHERIA,Porcara,2023-07-16,4.9981
CHIUSA SCLAFANI,Chiusa Sclafani,,4.9563
MONTELEPRE,"Porcazzo, Montelepre (PA)",2020-04-14,4.9445
PALERMO,Ciaculli,2025-06-08,4.9243
MONREALE,Miccini,2023-09-11,4.9061
PALAZZO ADRIANO,C. Mezzo Canale,2022-07-30,4.8869
COLLESANO,Contrada Ferro,2021-11-07,4.8767
MONREALE,Lago Poma,2018-09-21,4.8735
COLLESANO,Contrada Bovitello,,4.8671
GODRANO,Contrada Cannitello,2024-07-22,4.8637
POLLINA,Serra Casalo,2021-05-11,4.8509
ALTAVILLA MILICIA,Contrada Sperone,2024-10-08,4.8434
MONREALE,Contrada Giancaldara,,4.755
MONREALE,"mirto,Monreale (PA)",2018-09-12,4.7409
CALTAVUTURO,Monte Riparato,2020-03-18,4.7222
ALIA,Contrada Gulfa,2021-09-19,4.7193
SANTA CRISTINA GELA,Turdiepi,2025-09-20,4.7091
MONREALE,La Figurella,2018-07-29,4.7071
VILLAFRATI,FAVAROTTA,2018-09-27,4.7062
MARINEO,Serre di Marineo,2024-06-11,4.6937
BOLOGNETTA,Accia,2025-07-14,4.6762
PARTINICO,Monte Cesaro,,4.6681
ISNELLO,Stazzone,2024-07-13,4.6255
MONTELEPRE,torrente Malpasso,2023-05-23,4.6219
MISILMERI,Frattina,2021-07-20,4.6105
CAMPOFELICE DI FITALIA,Casa Carini,2024-07-14,4.6087
CHIUSA SCLAFANI,Monte Peloso,,4.6086
BOLOGNETTA,Bolognetta,2025-08-28,4.591
ALTAVILLA MILICIA,Grotta Mazzamuto,2023-05-06,4.5899
MONTEMAGGIORE BELSITO,Montemaggiore Belsito,2025-07-19,4.5449
MISILMERI,Frattina,2020-08-17,4.5377
TERMINI IMERESE,Danigarci,2024-03-30,4.5267
MONTEMAGGIORE BELSITO,Bevaio Battaglia,2022-07-14,4.5244
ALTOFONTE,Valle Di Rebuttone,2024-06-23,4.5154
MONREALE,Lago Poma,2021-08-27,4.5132
TERMINI IMERESE,M. Pileri,2023-07-18,4.5053
PALERMO,Falconara,2023-07-23,4.4977
MONREALE,Lago Poma,2021-08-29,4.4769
CHIUSA SCLAFANI,Cardillo,2022-09-09,4.4655
PALERMO,Monte Grifone,,4.4239
GIULIANA,"S.MARIA DEL BOSCO, Giuliana (PA)",2021-08-14,4.412
CAMPOFELICE DI FITALIA,Campofelice Di Fitalia,2025-06-25,4.4025
CARINI,Pizzo Montanello,2023-09-21,4.3934
CIMINNA,Pistoleni,2023-09-21,4.3805
PALERMO,Valle Paradiso,2022-06-25,4.3739
PARTINICO,Madonna Del Ponte,2021-07-04,4.3694
CIMINNA,Cozzo Fagiano,2022-07-15,4.3661
POLIZZI GENEROSA,Contrada Chiaretta,2020-02-04,4.3603
ISNELLO,Contrada Mongerrati,2024-01-03,4.3409
MARINEO,Parco Vecchio,2025-10-09,4.3218
TERMINI IMERESE,Cozzo Montagnola,2018-06-29,4.2814
BISACQUINO,Martinazzo,2021-05-24,4.2684
BISACQUINO,Cozzo Serro,2021-06-29,4.2655
PRIZZI,Prizzi,2024-08-03,4.232
PIANA DEGLI ALBANESI,LA PIZZUTA,2018-07-12,4.2303
MISILMERI,"Montagnola/Cottanera,",2023-08-13,4.2249
CARINI,Bausu Moscala,2021-08-01,4.2225
PARTINICO,Contrada Lazzarola,2021-07-13,4.2086
PARTINICO,Lago Poma,,4.1917
TERMINI IMERESE,Contrada Soprana,2021-08-10,4.1814
PIANA DEGLI ALBANESI,LASI,2020-02-14,4.1778
CACCAMO,Manche ,2018-05-30,4.1675
MONREALE,Contrada Billiemi,2021-08-22,4.1651
CORLEONE,Contrada Poggio,2023-08-12,4.1582
MEZZOJUSO,"Serre Riillo, Mezzojuso (PA)",2018-04-27,4.1452
MONREALE,Contrada Guastella,2021-08-31,4.1386
CIMINNA,Cozzo Maragliano,2023-11-03,4.114
PALERMO,Monte Grifone,2020-06-28,4.0949
CONTESSA ENTELLINA,Bufalo,2024-04-04,4.0791
GIARDINELLO,Carcatizzi,2020-08-29,4.0672
TERMINI IMERESE,Cozzo Montagnola,2018-09-12,4.0664
ALIA,barbarà,,4.0613
MONREALE,Mirto,2021-06-19,4.0556
MONTEMAGGIORE BELSITO,Cordaro,2021-08-31,4.0537
CACCAMO,Monte Cane,2023-03-26,4.0386
CHIUSA SCLAFANI,Cardillo,2020-03-01,4.0013
GERACI SICULO,Molino Mazzara,2023-02-26,3.9756
SAN MAURO CASTELVERDE,Contrada Ogliastro,,3.9732
BELMONTE MEZZAGNO,vasche s.salvatore,2020-07-13,3.9556
CACCAMO,Favara,2022-07-12,3.9394
BAGHERIA,Cavallo Di Mezzo,2020-05-04,3.9334
ALTOFONTE,Ciacca,2018-07-19,3.9207
MONREALE,Contrada Lupotto,2024-07-05,3.9195
TERMINI IMERESE,Monte S. Calogero,2024-09-08,3.9192
ISNELLO,Contrada Madonna Lume,2024-07-12,3.8905
TERMINI IMERESE,"Madonna Diana, Termini Imerese PA)",2018-10-28,3.89
SCLAFANI BAGNI,Sclafani Bagni,2020-09-02,3.8878
MONREALE,Contrada Fellamonica,2021-09-16,3.8821
SANTA FLAVIA,Portella Costa Trabia,2018-06-03,3.8768
MONREALE,Fella Monica Monreale,2022-06-21,3.844
CACCAMO,Vaccaro,,3.8439
ISNELLO,"Ponte Mericola, Isnello",2021-07-25,3.8195
CARINI,COSTA BUFFA,,3.8056
CASTELBUONO,Piano Marchese,2021-08-17,3.7993
BISACQUINO,Lavanzino,2023-08-27,3.7929
CASTRONOVO DI SICILIA,Castronovo,,3.7749
TERMINI IMERESE,Monte San Calogero Varcoco,,3.7686
TERMINI IMERESE,Cava Buttitta,2022-07-20,3.7647
BISACQUINO,Cozzo serro,2023-08-27,3.7484
MONTELEPRE,Calcerame,2022-07-13,3.7358
CARINI,Lo Zucco,,3.7272
PARTINICO,Lago Poma,2022-06-30,3.7132
SANTA CRISTINA GELA,Pianetto,2023-10-19,3.6695
CACCAMO,Contrada Manchi,2023-10-15,3.6678
CHIUSA SCLAFANI,Gurra,2023-10-03,3.6577
PALERMO,poggio ridente,2018-07-14,3.6568
BAUCINA,Monte Torre,2020-07-29,3.6392
VICARI,"Cozzo Manganaro,",2020-06-16,3.6049
COLLESANO,Casa Ottosalme,2023-08-16,3.5695
ALTOFONTE,Montagna Di Rebuttone,,3.5587
ISOLA DELLE FEMMINE,Estremola,2018-08-11,3.5335
CIMINNA,VALLONE MARRAIA,2022-07-24,3.5334
MONREALE,Renda,2025-07-21,3.5326
TERMINI IMERESE,Corte Vecchia,,3.5295
COLLESANO,Contrada Gargi Di Cenere,2023-09-20,3.5138
CIMINNA,Pirato Ciminna ( PA ),2023-08-16,3.5117
SANTA CRISTINA GELA,Cimitero,2025-08-08,3.5084
POLLINA,Zurrica,2018-06-03,3.501
MONREALE,Miccini,,3.499
SANTA CRISTINA GELA,"Bosco Pianetto,",2023-09-18,3.4772
MONREALE,Giacalone,2020-08-22,3.4506
POLIZZI GENEROSA,Contrada S. Paolo,2022-08-04,3.4178
VENTIMIGLIA DI SICILIA,CAPRARIA,2018-10-11,3.4017
TRABIA,Santo Onofrio,2018-12-30,3.396
MONREALE,Contrada Fellamonica,2020-08-05,3.3771
CHIUSA SCLAFANI,Monte Lucerto,2020-04-10,3.3761
MARINEO,Luisa,2025-07-09,3.373
CIMINNA,Pozzillo,2018-09-03,3.3715
VENTIMIGLIA DI SICILIA,"Cozzo Volpe, Vntimiglia i Sicii",2023-07-18,3.3699
POLIZZI GENEROSA,San Cono,2020-05-03,3.3597
CASTELLANA SICULA,Valle Maimone,2023-07-31,3.3546
MONREALE,Miccini,2024-04-14,3.3236
CASTELLANA SICULA,Tufo Gipsi,2018-04-10,3.3192
SAN MAURO CASTELVERDE,Casa Ciambra,2021-08-10,3.3053
ALTOFONTE,Valle Di Rebuttone,2023-08-26,3.3031
SANTA FLAVIA,"Petrosa, Santa Flavia (PA)",2025-08-28,3.3022
CIMINNA,SERRE DI CIMINNA,,3.2723
BALESTRATE,Sicciarotta,2020-09-25,3.2567
CALTAVUTURO,Favarella,2023-09-22,3.224
MONREALE,Contrada Fellamonica,,3.224
CASTELBUONO,Contrada S. Elia,2023-11-21,3.1886
TORRETTA,Vallone Susinna,2024-10-05,3.1865
ALTOFONTE,Piano Carandola,2020-07-02,3.1777
CACCAMO,Caccamo,2024-07-07,3.1726
MONREALE,Lago Poma,2023-08-03,3.1676
BOLOGNETTA,Bolognetta,2022-06-07,3.155
TERMINI IMERESE,Corte Vecchia,2022-09-19,3.1362
ALIA,Pizzo Garibaldi,,3.1252
SANTA CRISTINA GELA,Pianetto,2021-09-10,3.1251
BAUCINA,Piano Ceuso,2018-05-20,3.1222
CASTRONOVO DI SICILIA,Contrada Magaloggino,2023-10-15,3.1165
MONREALE,Pioppo,,3.1156
TERMINI IMERESE,Scacciapidocchi,,3.1114
CORLEONE,Bicchinello,2024-08-03,3.1102
MONREALE,Miccini,,3.0828
MONREALE,Lago Poma,2018-09-18,3.0759
MISILMERI,Piano Della Stoppa,2025-07-13,3.055
TERMINI IMERESE,M. Pileri,2021-07-07,3.0428
MONREALE,Lago Poma,2022-09-04,3.02
MONREALE,Piano dell'Occhio,2021-10-22,3.0172
MONREALE,Bommarito,2023-08-17,2.9908
BELMONTE MEZZAGNO,Finocchiara,2025-09-26,2.989
TRAPPETO,San Cataldo,2024-07-31,2.989
CONTESSA ENTELLINA,Serra,2020-05-22,2.9875
CIMINNA,Serre,2018-06-10,2.9847
MONTELEPRE,Monte D'Oro,2024-08-16,2.9548
CACCAMO,S.Rosala,2022-05-31,2.9404
BELMONTE MEZZAGNO,Casale,,2.9385
ALTOFONTE,La Moarda,2025-08-11,2.9373
CASTELLANA SICULA,Valle Maimone,2023-08-26,2.9352
CHIUSA SCLAFANI,Chiappanti,2023-10-20,2.9336
COLLESANO,Tabarani,2023-12-02,2.9333
SANTA CRISTINA GELA,RAJII CIARAMBELES,2022-08-30,2.9321
VENTIMIGLIA DI SICILIA,Traversa,2018-09-04,2.8945
COLLESANO,Contrada Gargi Di Cenere,2023-09-07,2.8913
CIMINNA,"Pistolera,Ciminna (PA)",2018-07-18,2.8898
MISILMERI,Frattina,2025-09-08,2.8867
CORLEONE,Raviolo,,2.885
MONTELEPRE,Suvarelli,2024-08-23,2.883
COLLESANO,Contrada Scaletta,2020-06-20,2.8778
GRATTERI,Gallefina - Tribuna,2021-01-07,2.8774
CACCAMO,Contrada Pianazzo,,2.8774
BAUCINA,Contrada Noce,2018-09-13,2.8761
MONREALE,Cozzo San Tommaso,,2.8131
BELMONTE MEZZAGNO,Cozzo Pruvulazzo,,2.8041
POLIZZI GENEROSA,Casa S. Nicola,2023-03-16,2.8014
TRABIA,Danigarci S. Onofrio,2025-09-10,2.7962
SANTA CRISTINA GELA,Zotta del Pomo,2020-08-15,2.7923
ALTOFONTE,Montagna Di Rebuttone,2023-09-23,2.7908
PARTINICO,"Fosso Carrozza,",2022-09-03,2.7853
BAGHERIA,Case Parisi Alte,2025-06-07,2.7851
ALTOFONTE,S. Ciro,2021-08-09,2.7822
MONREALE,Monte Renda,2023-07-18,2.7739
MONREALE,Cozzo Paparina,2023-09-21,2.7612
MEZZOJUSO,Mezzojuso,2023-06-24,2.7548
MEZZOJUSO,Pizzo Condreo,2020-06-29,2.7486
SCIARA,Sciara Giardinaccio,2018-10-28,2.7366
TERMINI IMERESE,Danigarci,2020-06-17,2.7233
MONREALE,Caputo,2018-06-10,2.7158
CARINI,Pizzo Cirina,2022-03-28,2.7098
TORRETTA,Cozzo Ciaramiti,2025-08-08,2.694
ALTOFONTE,Valle Del Fico,2018-04-28,2.693
PIANA DEGLI ALBANESI,LASI,2020-05-16,2.689
CHIUSA SCLAFANI,Gurra,2024-07-04,2.6834
BISACQUINO,Triona,,2.6673
MONREALE,valle corta,2023-09-23,2.6656
BELMONTE MEZZAGNO,Pizzo Belmonte,2023-08-17,2.6609
SCIARA,Cozzi Secchi,2018-07-13,2.6348
MONREALE,"Pian Di Maglio, Monreale (PA)",,2.6142
MONREALE,Lago Poma,2021-08-16,2.6028
CHIUSA SCLAFANI,CHIUSA LA VECCHIA,2023-10-04,2.6012
MONREALE,Agrifoglio,2021-07-29,2.6
CIMINNA,Madonna Di Loreto,2018-09-04,2.5921
BISACQUINO,C.Argentiera,2022-08-22,2.5812
CERDA,Pizzo Della Guardia,2018-08-08,2.5811
CIMINNA,Contrada Pecorone,2018-09-12,2.5623
BISACQUINO,Triona,2021-05-27,2.5616
SCILLATO,Grisanti,2020-03-01,2.5607
GIARDINELLO,Montagna Longa di Sagana,,2.5596
PARTINICO,Valguarnera,2024-09-05,2.5526
PALAZZO ADRIANO,Cozzo Paletto,,2.5505
CACCAMO,pozzetto,,2.5502
SCIARA,GIARDINAZZO SAN CALOGERO,2018-11-18,2.5392
BAGHERIA,Cavallo di Mezzo,2020-05-03,2.5202
POLIZZI GENEROSA,"Contrada Santo Cono,",2021-08-11,2.5025
PARTINICO,Lago Poma,2023-07-11,2.4809
CIMINNA,Riserva Orientata A Serre Di Ciminna,2018-09-16,2.4634
MONTEMAGGIORE BELSITO,San Giovanni,2020-06-26,2.4569
CIMINNA,VALLONE MARRAIA,2018-09-06,2.4499
POLIZZI GENEROSA,San Cono,2020-09-11,2.4447
GIARDINELLO,Carcatizzi,2020-10-03,2.4385
ALTOFONTE,Valle Di Rebuttone,2020-08-20,2.4324
MEZZOJUSO,Contrada La Lacca,2023-10-21,2.4286
CASTRONOVO DI SICILIA,Contrada Fanaco,2021-07-28,2.4238
PIANA DEGLI ALBANESI,Intramizzi,2023-10-20,2.419
CACCAMO,Rocca Cavallo,,2.4184
MONREALE,Lago Poma,,2.4136
BELMONTE MEZZAGNO,Scala Dei Muli O Valle Di Belmonte,,2.3948
TERMINI IMERESE,Contrada S. Calogero,2022-06-14,2.3743
PARTINICO,Madonna Del Ponte,,2.3631
POLLINA,Pizzo Spina,2022-03-16,2.3546
ALIMINUSA,Aliminusa,2025-08-12,2.351
MISILMERI,Montagna Grande,2020-05-16,2.3455
CACCAMO,Roxiura,2022-09-16,2.3388
SCILLATO,"Contrada Scannale,Scillato",2022-06-26,2.3387
MISILMERI,Montagna Grande,2021-05-23,2.3379
MONREALE,Cambuca,,2.3294
CAMPOFELICE DI ROCCELLA,Piana Calzata,2022-08-01,2.3249
CACCAMO,Rocca Cavallo,2023-08-29,2.3176
MARINEO,Parco Vecchio,2024-05-27,2.3173
MONREALE,Miccini,2020-07-27,2.3153
CARINI,Costa La Mennula,2022-09-18,2.3066
CHIUSA SCLAFANI,Gurra,2022-09-03,2.2981
MONREALE,Poligono Militare Cippi,2022-09-13,2.297
GANGI,Gangi,2022-08-06,2.2925
BELMONTE MEZZAGNO,Jencheria,2025-07-13,2.2899
CACCAMO,Sannita,,2.2856
BELMONTE MEZZAGNO,Piano Casa,,2.2848
PARTINICO,Cannizzaro,2025-09-02,2.2829
PARTINICO,C/da Lazzarola Partinico (PA),2020-07-25,2.2773
PALERMO,Spinasanta,2021-05-13,2.2686
ALTOFONTE,Pizzo Di Valle Del Fico,,2.2652
SAN MAURO CASTELVERDE,Contrada Tiberio,2023-09-15,2.2599
CACCAMO,Rocca Grande,,2.2598
BISACQUINO,Cuzzitello,2024-08-21,2.2564
MONREALE,LAGO POMA SP.30 CAMBUCA,2023-09-18,2.2418
MONREALE,Miccini,2023-10-04,2.2406
CACCAMO,S. Giovanni,2022-02-22,2.2366
SANTA CRISTINA GELA,Ponte Lecchino,,2.2209
CACCAMO,Monte Ragiura,2021-07-08,2.1906
POLLINA,Contrada Montenero,2022-06-05,2.1879
MONREALE,brivatura,2020-02-14,2.1876
GIARDINELLO,Uliveto,2025-09-04,2.1858
CACCAMO,Angiletto,,2.1848
CIMINNA,Riserva Orientata A Serre Di Ciminna,,2.1832
PALAZZO ADRIANO,Monte Rose,2020-10-03,2.1746
BLUFI,Ferrarello,2020-06-29,2.1624
CONTESSA ENTELLINA,S. Rosalia,2023-09-12,2.1437
CERDA,Vignazza,,2.143
ALIA,Tre Denari,2018-04-15,2.1354
CALTAVUTURO,Prestinfuso,2023-03-25,2.1329
CACCAMO,Acqua grande,2022-07-24,2.1316
TERMINI IMERESE,Monte San Calogero,2020-08-29,2.1265
MONREALE,Valle Taio,2022-07-02,2.1195
MONREALE,"Via Val Paradiso, Monreale (PA)",,2.1125
CHIUSA SCLAFANI,Cerniglio,2023-03-30,2.1117
ISNELLO,Monte Grotta Grande,2022-08-09,2.1066
MONREALE,Miccini,2025-06-08,2.0989
MONTELEPRE,Acque Colate,2025-07-22,2.0962
TERMINI IMERESE,Cozzo Dell' Imperatore,,2.0916
TERMINI IMERESE,Monte cipolla,2018-07-25,2.0848
POLIZZI GENEROSA,Case Bistorno,2023-08-28,2.0787
SCIARA,Monte S. Calogero,2020-07-12,2.0754
SANTA CRISTINA GELA,Salice,2021-08-11,2.0697
CONTESSA ENTELLINA,Patellaro,2024-06-23,2.0573
MEZZOJUSO,Mezzojuso,2023-07-13,2.0363
PETRALIA SOPRANA,Bonascichi,2024-04-06,2.0288
PALERMO,Monte Pellegrino,2021-09-25,2.0194
ALTOFONTE,Buttafuoco,,2.0189
MONREALE,Giacalone,2022-07-24,2.0171
CASTRONOVO DI SICILIA,Contrada Magaloggino,2022-10-09,2.0169
VENTIMIGLIA DI SICILIA,Pizzo Inferno,2023-11-21,2.0122
ALTAVILLA MILICIA,cannemasche,2024-04-04,2.0063
MONREALE,Lago Poma,2022-09-19,2.0049
TERMINI IMERESE,Lignari,2023-10-05,1.9899
CIMINNA,Riserva Orientata A Serre Di Ciminna,2023-03-17,1.9879
MONREALE,Cozzo Campanazzo,2022-04-27,1.984
MONREALE,Monte Fiascone,2021-08-10,1.9783
BISACQUINO,Cozzo Serro,,1.9731
PARTINICO,Casa Rama,,1.9724
SANTA CRISTINA GELA,Salice,2025-07-21,1.9568
CONTESSA ENTELLINA,S. Rosalia,2025-07-25,1.9482
MONREALE,Contrada Fellamonica,2025-07-21,1.9386
CALTAVUTURO,Contrada Ginestra,2024-05-04,1.9379
GIARDINELLO,Carcatizzi,2025-08-28,1.9005
GIARDINELLO,Piano Arancio,2025-09-01,1.8991
TERMINI IMERESE,Danigarci,2022-06-27,1.8795
SCILLATO,Cammisini,,1.8729
SANTA FLAVIA,Portella Costa Trabia,2018-09-17,1.8722
MONREALE,Cava Mirto,2018-08-19,1.8698
TORRETTA,Piano dell'occhio,2023-03-17,1.8572
BAGHERIA,Porcara,2025-09-18,1.8536
MONREALE,Renda,,1.8494
POLLINA,Cozzo Pisano,,1.8482
CASTRONOVO DI SICILIA,Castronovo,2023-08-26,1.8286
SCIARA,Casa Giardinaccio,,1.8284
ROCCAMENA,Casalotto,2022-08-27,1.8231
PRIZZI,Contrada Martino,2025-08-24,1.8177
PARTINICO," Arnao, Partinico (PA)",2025-07-21,1.8166
BISACQUINO,La Madonna del Balzo,2022-06-27,1.802
CIMINNA,Cozzo Campana,,1.7911
MONREALE,Villaggio S. Anna,2025-07-28,1.7792
CHIUSA SCLAFANI,Trullo,2021-09-26,1.7723
ALIA,Contrada Gulfa,2021-06-06,1.7697
CARINI,Bausu Moscala,2018-08-12,1.7692
PIANA DEGLI ALBANESI,Brigna,2025-09-10,1.764
SAN MAURO CASTELVERDE,Porto Salvo Arvani,2020-08-02,1.7625
PIANA DEGLI ALBANESI,Intramizzi,2023-03-25,1.7537
POLLINA,Contrada Carrara,2018-03-14,1.7531
MONREALE,lago Poma,2025-10-06,1.7486
TERMINI IMERESE,Rocca Soprana,2024-05-07,1.7469
SCIARA,Valle Sgarlata,2020-08-13,1.7422
VENTIMIGLIA DI SICILIA,Traversa,2018-09-14,1.7401
POLIZZI GENEROSA,Polizzi Generosa,2023-08-01,1.7286
MONREALE,"Lanzarola lago Poma, Monreale(PA)",2024-07-28,1.7051
PALERMO,Balzo Cavallo,2020-08-12,1.7011
MONREALE,Lago Poma,2021-09-08,1.6809
BAGHERIA,Monte Catalfano,,1.6758
ALIA,Tre Denari,2023-10-18,1.6694
POLLINA,Contrada Montenero,,1.6693
PALAZZO ADRIANO,Contrada Raia,2024-06-08,1.6674
TERMINI IMERESE,Contrada Madonna Diana,,1.6653
ALTOFONTE,Bosco Di Rebuttone,2022-06-12,1.6642
BISACQUINO,Bruca,2022-09-02,1.6592
MONREALE,Costa Busino,2025-07-14,1.6585
POLIZZI GENEROSA,Monte Quacella,2024-05-16,1.6577
CASTELBUONO,Contrada Comune,,1.6484
SANTA CRISTINA GELA,Costa Del Lupo,2018-08-07,1.6482
GERACI SICULO,Contrada Calabro,2018-07-23,1.6422
CASTRONOVO DI SICILIA,Pizzo Lupo,2021-03-31,1.6138
MONTELEPRE,pizzo nave,,1.585
MONTEMAGGIORE BELSITO,Piano Di Forgia,2022-06-07,1.5818
PARTINICO,Conigliera,2025-06-17,1.5671
MARINEO,Fontana Favarotta,2025-09-20,1.5649
MONREALE,Contrada Billiemi,2023-08-31,1.5639
MONREALE,Valle Lupa,2023-09-21,1.5582
PALERMO,Monte Pellegrino,2020-08-29,1.5557
POLIZZI GENEROSA,"Dirupo Bianco, Polizzi Generosa (PA)",2023-10-22,1.5407
CACCAMO,Serrone,,1.5369
MONREALE,Cozzo Paparina,2020-08-14,1.5363
MONREALE,Valle Presti,2022-07-31,1.5357
MONREALE,Case Barone,2025-08-15,1.5281
PETRALIA SOPRANA,Pineta Comunale,2025-07-21,1.528
CIMINNA,Contrada Cassone,2022-09-29,1.5228
POLLINA,Pian Di Pasquale,2020-08-15,1.5225
SANTA CRISTINA GELA,Dragonara,2020-07-14,1.5097
MONREALE,Lago Poma,2024-08-31,1.5034
MONREALE,Cambuca,,1.5032
VILLAFRATI,Cozzo Chiarello,,1.499
MONTELEPRE,Montelepre,2022-08-06,1.4875
MONREALE,"cozzo san tommaso,  Monreale (PA)",,1.4837
GIARDINELLO,Uliveto,2025-08-21,1.4831
CACCAMO,Monte Ragiura,2018-07-10,1.4823
MONREALE,Caculla,2022-08-08,1.4696
CASTRONOVO DI SICILIA,Santuario Di Piedigrotta,,1.4681
SANTA CRISTINA GELA,Zotta del Pomo,2021-08-19,1.4647
TERRASINI,Gazzara,,1.4599
MONREALE,Agrifoglio,2021-08-04,1.4523
MONTELEPRE,Monte D'Oro,2020-06-27,1.4522
BELMONTE MEZZAGNO,Portella Del Vecchio,,1.4517
SANTA CRISTINA GELA,Pietra Del Corvo,2020-06-20,1.4486
TERMINI IMERESE,Contrada Franco,2022-06-04,1.447
MONREALE,Monte Petroso,2022-07-13,1.444
CACCAMO,San Nicola,,1.4362
MONREALE,Marzuso,2021-06-19,1.4281
MONTEMAGGIORE BELSITO,Cordaro,2020-08-03,1.4255
MONTELEPRE,Monte D'Oro,2020-08-01,1.4232
BISACQUINO,C.Argentiera,2022-08-23,1.4163
CARINI,COSTA BUFFA,,1.4148
MONREALE,Strasatto,2018-09-10,1.4135
CAMPOFELICE DI FITALIA,Polizzotto,2024-07-20,1.4061
MONREALE,Caputo,,1.4053
ALIMINUSA,Uscillaro,,1.4007
VILLAFRATI,Pizzo Avvoltoio,2018-09-27,1.3929
VENTIMIGLIA DI SICILIA,Bacchero,,1.3901
TERMINI IMERESE,Serra Comune,2022-06-18,1.3869
PALERMO,poggio ridente,2020-05-06,1.3775
GRATTERI,Gallefina - Tribuna,2022-10-21,1.373
CONTESSA ENTELLINA,Contessa Entellina,2024-04-03,1.3703
PALERMO,Ciaculli,2023-05-04,1.3654
MONREALE,Aglisotto,2020-10-03,1.3617
TERMINI IMERESE,Chiusa Termini Imerese,,1.3585
CORLEONE,Contrada Lavanche,2025-06-11,1.3559
SANTA FLAVIA,Solunto,2018-05-12,1.3553
POLIZZI GENEROSA,Case Dirupo Bianco,2023-07-25,1.3406
CONTESSA ENTELLINA,S.MARIA DEL BOSCO,2023-04-08,1.3388
BISACQUINO,La Madonna del Balzo,2022-07-11,1.3388
POLIZZI GENEROSA,Contrada Fiumazzo,2021-08-08,1.332
GANGI,Contrada Zappaiello,2018-07-04,1.3295
CALTAVUTURO,Monte Riparato,2023-06-25,1.3265
PIANA DEGLI ALBANESI,LASI,2018-07-23,1.3214
MONTELEPRE,Mazza Martino,,1.3172
MONREALE,Cannavera,2020-10-02,1.313
CASTRONOVO DI SICILIA,Castronovo,2022-08-28,1.3109
ALTOFONTE,Piano Ferla,,1.3095
POLIZZI GENEROSA,Contrada Chiaretta,2025-06-24,1.309
MONREALE,Lago Poma,2021-08-25,1.3088
PALERMO,Monte Pellegrino,2025-07-20,1.3018
MONREALE,Agrifoglio,2021-08-05,1.2978
MONREALE,Monte Dammusi,2018-08-10,1.2898
MONREALE,Caculla,2025-08-01,1.2861
POLIZZI GENEROSA,Cava S. Croce (Di Pietra),2020-11-10,1.2834
BISACQUINO,C.Tarucco,2020-08-30,1.28
GIULIANA,Valentino,2023-10-18,1.2783
CARINI,Fiume Falco,,1.273
ROCCAMENA,Casalotto,2022-08-28,1.2675
GIARDINELLO,Carcatizzi,2025-07-07,1.2605
POLIZZI GENEROSA,rio secco,2021-08-07,1.2582
MONREALE,Monte Petroso,2022-06-25,1.2556
MONREALE,Contrada Marzuso,2025-07-04,1.2554
TERMINI IMERESE,Casa Bova,,1.2384
PALAZZO ADRIANO,Cerza,2018-07-01,1.2365
TERMINI IMERESE,Monte San Calogero,,1.2356
GIULIANA,Giuliana,2024-11-07,1.2352
MONREALE,Renda,2018-08-01,1.2315
GRATTERI,"Contrada Gallefina, Gratteri (PA)",,1.2153
PARTINICO,Lago Poma,2022-09-09,1.2045
MONREALE,Vallone dei Cippi,2022-09-23,1.189
PALAZZO ADRIANO,Palazzo Adriano,,1.1889
GIARDINELLO,Cozzo Carcatizzi,2018-07-10,1.1867
CINISI,Porcaria,2022-07-08,1.1841
PALAZZO ADRIANO,Palazzo Adriano,,1.1794
PARTINICO,Lago Poma,2022-09-08,1.1786
CAPACI,"Zarcati,",2020-08-28,1.1668
SANTA CRISTINA GELA,"Sulfarelli C/da, Santa Cristina GELA (PA)",,1.1661
MONTELEPRE,Monte D'Oro,2023-08-28,1.1649
SAN GIUSEPPE JATO,Fosso della Chiusa,2018-09-18,1.1563
MONREALE,Renda,2022-07-24,1.1522
PALERMO,Capo Gallo,2022-08-19,1.1512
MONREALE,Miccini,2020-09-09,1.1502
BOLOGNETTA,Cozzo S.Anna,2025-08-29,1.1462
PIANA DEGLI ALBANESI,LASI,2018-10-01,1.1167
MONREALE,sportiviolo,2022-07-05,1.1032
GIARDINELLO,Oliveto,2025-08-19,1.0942
MONREALE,Pizzo Mastrangelo (PA),2018-04-16,1.0849
PIANA DEGLI ALBANESI,Maganoce,2020-09-25,1.0824
CHIUSA SCLAFANI,Ruzzolone,2024-08-15,1.0803
MONREALE,Cozzo Paparina,,1.0795
MONREALE,Piano dell'Occhio,2022-10-31,1.0773
BELMONTE MEZZAGNO,Finocchiara,2018-04-29,1.0714
POLLINA,"Zabbara , Pollina (PA)",2022-10-02,1.07
ISNELLO,Isnello,2022-09-29,1.0695
MONTEMAGGIORE BELSITO,Santissimo,2023-06-19,1.0657
MONREALE,Renda,2018-08-14,1.0629
CASTRONOVO DI SICILIA,Pizzo Lupo,2018-07-25,1.0604
MONTEMAGGIORE BELSITO,Bevaio Battaglia,,1.06
BELMONTE MEZZAGNO,Jencheria,2022-06-23,1.0569
MONREALE,Cambuca,2023-09-14,1.0564
POLLINA,"Rango, Pollina (PA)",,1.0531
BAUCINA,Case Facella - Lorenzo,2023-08-22,1.0473
BAGHERIA,Monte Catalfano,2022-04-08,1.0433
TRABIA,Danigarci S. Onofrio,2025-09-23,1.039
POLIZZI GENEROSA,giurfaria,2024-05-02,1.0296
CHIUSA SCLAFANI,Gurra,,1.0261
MONREALE,catusello,2018-01-07,1.0209
PARTINICO,Monte Cesaro,2025-07-22,1.0197
MEZZOJUSO,Zotta di porco,,1.0128
TERMINI IMERESE,Cozzo Ligneri,2022-06-28,1.012
MONTEMAGGIORE BELSITO,Piano Di Forgia,2018-07-11,1.0093
TORRETTA,Sommariva,2024-09-06,1.0091
MONTELEPRE,Monte D'Oro,2020-10-03,1.0082
GIARDINELLO,Costa Lavata,,1.0074
PIANA DEGLI ALBANESI,Dingoli,2023-02-25,1.0031
GERACI SICULO,Casa Canale,2021-06-07,0.998
PALERMO,SERRO CHIARANDA,2020-08-13,0.9977
MONREALE,Giacalone,2021-08-04,0.9946
CARINI,Monte Colombrina,2022-07-22,0.9939
BAGHERIA,Porcara,2025-08-15,0.9895
CASTELDACCIA,Case Nuove,2021-06-04,0.9804
CARINI,Pirato,2022-07-13,0.9798
CHIUSA SCLAFANI,C.,2024-04-13,0.9784
GIARDINELLO,Chiannarance,2021-07-11,0.9722
PARTINICO,Lago Poma,2022-09-10,0.9627
CACCAMO,Roxiura,2025-07-21,0.9577
POLLINA,Pollina,2025-03-15,0.9545
MONREALE,Contrada Bifarera,2025-08-03,0.9371
MONREALE,Bosco Scalia,,0.9316
MEZZOJUSO,Cozzo Bonito,2024-10-17,0.9283
MONREALE,Portella S. Anna,,0.9275
CARINI,Pirato,2022-07-18,0.9078
MARINEO,Stretto di Marineo,2023-09-21,0.9048
POLLINA,Cozzo Vaciliera,,0.898
BELMONTE MEZZAGNO,Casale,2025-07-16,0.8892
CACCAMO,Rocca S. Felice,2024-03-25,0.8776
MONREALE,Renda,2018-07-27,0.8769
BELMONTE MEZZAGNO,Montagnoli,2025-07-28,0.8753
MONREALE,Contrada Giancaldara,2024-09-15,0.8567
CASTRONOVO DI SICILIA,Santuario Di Piedigrotta,2020-08-12,0.8553
CARINI,Curva Battaglia,,0.8526
CORLEONE,Colla,2024-08-03,0.8496
CACCAMO,Cangemi,2025-07-30,0.847
MONTELEPRE,Cozzo Di Vite,2022-07-14,0.8398
PALERMO,"ERCTRA, Palermo (PA)",,0.8279
BOLOGNETTA,Cozzo Del Lupo,2020-06-04,0.8222
PIANA DEGLI ALBANESI,Dingoli,2021-06-05,0.8152
SANTA CRISTINA GELA,Ponte Lecchino,2020-08-26,0.8131
BELMONTE MEZZAGNO,Casale,2025-07-07,0.8102
MONREALE,LAGO POMA SP.30 CAMBUCA,2022-08-15,0.8098
COLLESANO,Casa Basalaci,2025-04-07,0.8042
TERMINI IMERESE,"cozzo imperatore,Termini Imerese",,0.8041
PIANA DEGLI ALBANESI,Piana Degli Albanesi,2025-08-11,0.7957
SAN MAURO CASTELVERDE,Contrada Karsa,2021-07-02,0.7675
CACCAMO,Eremo San Felice,2022-10-03,0.7647
MARINEO,Massariotta,2024-07-01,0.7631
CARINI,Costa Perriera,2021-08-25,0.7545
MARINEO,Favarotta,2024-08-27,0.753
CINISI,ACCITELLA,2021-06-25,0.7515
MARINEO,Cozzo Quadarone,2024-06-23,0.7455
CALTAVUTURO,Monte Riparato,2022-03-25,0.7368
CASTELLANA SICULA,Cozzo Serre Rosse,2025-09-23,0.7358
CASTRONOVO DI SICILIA,Santuario Di Piedigrotta,2021-08-01,0.7338
PALERMO,cozzo san calogero,2018-08-10,0.7319
CASTELLANA SICULA,Nociazzi,2025-09-06,0.723
BAUCINA,balatelle,2021-07-04,0.7218
GIULIANA,Giuliana,,0.7205
ALIA,Ulisanisa,,0.7159
CACCAMO,"Faino, Caccamo",,0.7106
BELMONTE MEZZAGNO,vasche s.salvatore,2025-07-13,0.7079
GERACI SICULO,san callisto,,0.7076
POLLINA,Contrada Serradaino,,0.7037
MONREALE,C. Mirto,2021-06-23,0.6982
PALAZZO ADRIANO,ZOTTA GRANDE CARDI,2020-10-06,0.686
ALTOFONTE,Frassinello,2023-08-04,0.6809
ROCCAPALUMBA,Roccapalumba,2022-06-27,0.68
BISACQUINO,Vaccarizzotto,2023-09-08,0.6739
CARINI,COSTA BUFFA,2025-05-10,0.6736
VALLEDOLMO,Valledolmo,2022-09-20,0.6725
TRABIA,Trabia,2025-04-26,0.6696
GIARDINELLO,"Acque Colate,",2022-10-09,0.6687
MONREALE,Vallone dei Cippi,2018-07-19,0.6673
BAGHERIA,Monte Consona,2025-08-23,0.6628
ISNELLO,Contrada Giacchino,,0.6601
TERMINI IMERESE,Monte San Calogero,,0.6586
MONREALE,Villa Renda,2025-07-25,0.6496
POLIZZI GENEROSA,Polizzi Generosa,2023-07-13,0.6486
MONTELEPRE,Calcerame,,0.6429
PALERMO,Sferracavallo,2020-06-26,0.6341
CHIUSA SCLAFANI,Chiusa Sclafani,2024-04-14,0.6331
SANTA CRISTINA GELA,Pianetto,2025-07-08,0.6293
CAPACI,Quarara,2023-09-13,0.62
MONREALE,Pioppo,,0.6087
MONTEMAGGIORE BELSITO,BATTAGLIA MONTEMAGGIORE BELSITO (PA),,0.6069
CINISI,Costa Del Furi,,0.6052
MONREALE,Lago Poma,2018-08-28,0.5955
MONREALE,Piano Geli,2025-08-05,0.588
PALERMO,Villa Belmonte,2023-12-01,0.5876
MONREALE,Casa Cambuca,2021-07-08,0.5872
MARINEO,Luisa,2025-09-20,0.5858
SANTA CRISTINA GELA,Pietra Del Corvo,2020-06-23,0.5857
CAMPOFELICE DI FITALIA,Campofelice Di Fitalia,2024-07-20,0.5782
MONTELEPRE,Suvarelli,2023-08-23,0.5752
CALTAVUTURO,Fuci,2024-04-08,0.5735
ALIMENA,Colle S. Alfonzo,2022-07-25,0.57
CASTELBUONO,Piano Marchese,,0.5643
POLIZZI GENEROSA,Granci Sotto,2022-04-22,0.5601
PALERMO,Baida,2023-08-24,0.5462
MONTELEPRE,Monte D'Oro,2022-08-30,0.5428
COLLESANO,Contrada Morgifuto,2022-08-30,0.5403
MONREALE,Giacalone,,0.5375
CAMPOFIORITO,Parrina,2025-09-14,0.5352
POLIZZI GENEROSA,Contrada Sorgitore,2022-02-11,0.5254
GODRANO,Contrada Cannitello,2023-08-22,0.5213
MONREALE,Miccini,,0.5161
LASCARI,Landro Nuovo,,0.5045
ALTOFONTE,Salvina,2018-03-02,0.5019
PALERMO,Vallone Scala di Carini,2018-06-30,0.5015
MONTELEPRE,Monte D'Oro,2023-07-19,0.5005
MONREALE,Valle Taio,2023-07-24,0.4971
GERACI SICULO,Costa Gropparo,2024-04-07,0.4949
PALERMO,Vergine,2022-06-23,0.4912
PALAZZO ADRIANO,Boschigliera,2021-04-04,0.4886
ALIMINUSA,Aliminusa,2020-07-21,0.482
GERACI SICULO,Geraci Siculo,2021-09-02,0.4775
CONTESSA ENTELLINA,Contessa Entellina,,0.4753
SCIARA,Cozzo Granato,2018-08-01,0.4692
CASTELDACCIA,Case Randino Nuove,2018-04-02,0.4657
BISACQUINO,Vaccarizzotto,2022-09-02,0.4648
GIULIANA,Bivio Mulini,2024-07-12,0.4576
POLIZZI GENEROSA,San Pietro,2024-03-25,0.4552
PARTINICO,Lago Poma,2020-09-30,0.4527
CALTAVUTURO,Caltavuturo,,0.4507
TORRETTA,Areddara,2025-09-23,0.4497
MONTELEPRE,Calcerame,2021-06-20,0.4448
MONTELEPRE,Monte D'Oro,2022-07-31,0.4404
GIARDINELLO,"Carcatilli, Giardinello",2021-06-21,0.4395
MONREALE,Cannavera,2020-10-03,0.4393
MONREALE,Lago Poma,2018-09-02,0.4391
MONTELEPRE,Contrada Cortiglia,2022-09-23,0.436
CARINI,Caparello,,0.4349
BISACQUINO,Ferro,2020-06-27,0.4304
BELMONTE MEZZAGNO,Pizzo Belmonte,,0.4282
POLIZZI GENEROSA,San Cono,2022-07-19,0.4257
CHIUSA SCLAFANI,Monte Lucerto,2025-09-17,0.4236
PALERMO,Ciaculli,,0.4227
TERMINI IMERESE,Contrada Caracoli,2024-07-29,0.4194
SANTA CRISTINA GELA,Intarmidzi,2020-11-09,0.4193
CASTRONOVO DI SICILIA,Borgacce,2018-07-21,0.412
CALTAVUTURO,Rocca Di Sciara,2024-05-14,0.4099
CALTAVUTURO,Casa S. Venere,2024-05-20,0.4036
CARINI,Stazzone,2023-10-20,0.4007
CHIUSA SCLAFANI,Torre,2025-04-24,0.4005
CARINI,Manostalla,2022-08-07,0.3986
TERMINI IMERESE,Casa Inguaggiato,2025-07-25,0.3961
COLLESANO,Cammisini,2025-10-14,0.3956
BISACQUINO,Martinazzo,2020-08-30,0.3927
CHIUSA SCLAFANI,Monte Peloso,2022-09-04,0.392
TERMINI IMERESE,Monte San Calogero,2024-11-07,0.3864
CHIUSA SCLAFANI,Cardillo,2024-08-27,0.3848
TERMINI IMERESE,Contrada Madonna Diana,2020-01-20,0.3727
MONREALE,Villaggio S. Anna,2025-07-15,0.3693
TERRASINI,Costa Di Ramaria,2018-09-18,0.3661
MONREALE,Monte Petroso,2022-08-03,0.3658
CARINI,Acqua Canale,2024-09-05,0.3635
CARINI,Costa Perrere,2021-07-30,0.3634
POLIZZI GENEROSA,San Cono,2023-07-15,0.3633
PALERMO,Bellolampo,2018-08-10,0.3558
MONREALE,Lago Poma,2023-07-19,0.3533
BISACQUINO,Cozzo Serro,2020-06-23,0.3473
CARINI,Curva Battaglia,2023-09-10,0.3436
POLIZZI GENEROSA,Sotto il Corvo,2025-05-28,0.3408
COLLESANO,Contrada Pozzetti,2024-08-27,0.3403
PIANA DEGLI ALBANESI,LA PIZZUTA,2023-10-19,0.3392
CALTAVUTURO,Chiusa,2024-06-01,0.3352
MONTELEPRE,Montelepre,2021-10-06,0.332
CHIUSA SCLAFANI,Monte Lucerto,2018-06-01,0.327
TORRETTA,Vallone Susinna,2023-10-31,0.3194
PIANA DEGLI ALBANESI,Cozzo Carnesi,2024-07-20,0.3194
CALTAVUTURO,"Zorba, Caltavuturo (PA)",2024-04-09,0.3173
TORRETTA,Piano S. Nicolò,2025-07-07,0.3086
MONTELEPRE,Monte Calcerame,2022-09-15,0.3082
SANTA CRISTINA GELA,Madonna Di Scanzano,2025-07-05,0.3073
MONREALE,Valle Taio,,0.2886
CINISI,piano margi,2021-06-27,0.2876
MONREALE,Contrada Giancaldara,2021-09-09,0.2825
MONTELEPRE,Finocchiara,2025-07-26,0.2794
CALTAVUTURO,Monte Riparato,,0.2789
CACCAMO,Complesso Boscato Monte Cane,2023-04-14,0.2762
POLLINA,Cozzo Zurrica,2018-04-22,0.2708
PIANA DEGLI ALBANESI,LASI,2018-07-09,0.2642
CARINI,Costa Parisi,2023-05-07,0.2629
POLIZZI GENEROSA,giurfaria,2023-03-29,0.2571
POLIZZI GENEROSA,Polizzi Generosa,2023-08-06,0.2494
POLIZZI GENEROSA,Polizzi Generosa,2023-07-15,0.2491
PALERMO,Statua S. Rosalia,2018-07-15,0.2394
POLIZZI GENEROSA,Polizzi Generosa,2024-06-30,0.2392
SCILLATO,"Contrada Scannale, Scillato (PA)",2022-06-28,0.2375
CARINI,Carini,2024-07-13,0.2367
MONREALE,"V.ne dei Cippi, Monreale (PA)",2022-08-07,0.2351
POLIZZI GENEROSA,San Cono,2020-07-11,0.2336
CACCAMO,Santa Vittoria,2020-05-16,0.2298
ALIA,Bevaio Del Bosco,2022-08-25,0.2281
PALERMO,Petrazzi Palermo,2018-08-04,0.225
COLLESANO,Tabarani,2022-10-03,0.2218
CARINI,"Capreria, Carini",2020-07-14,0.2209
CALTAVUTURO,Chiusa,2020-02-29,0.2193
MONREALE,Lago Poma,2018-09-03,0.2192
CARINI,Cozzo Vanco Carini (PA),2021-09-27,0.2164
CARINI,Mancusa,2020-09-21,0.2156
TORRETTA,Torretta,2023-09-02,0.213
CASTELBUONO,S. Nicasio,,0.2054
CIMINNA,Portella Gallo,,0.2043
POLIZZI GENEROSA,San Pietro,2022-02-17,0.199
TERMINI IMERESE,"Monte S. Calogero, Termini Imerese(PA)",2018-09-18,0.1926
POLIZZI GENEROSA,Madonna Della Raccolta,,0.187
PALERMO,Monte Pellegrino,2025-05-23,0.1868
CAPACI,Zarcati,2024-10-15,0.1827
TERRASINI,Via Ruggero II ,,0.1826
POLIZZI GENEROSA,Saprone,2023-07-25,0.1767
CARINI,Caparello,2024-06-29,0.175
POLIZZI GENEROSA,Fiume Secco,2020-03-14,0.1727
ISNELLO,AQUILEA,2025-03-16,0.172
POLIZZI GENEROSA,Casa S. Nicola,2023-03-16,0.1711
POLIZZI GENEROSA,Contrada San Nicola,2022-07-06,0.1711
GIULIANA,Ruggirello,2018-07-02,0.1705
CARINI,Balzo Rosso,2025-07-25,0.166
CHIUSA SCLAFANI,Ruzzolone,2020-06-24,0.1478
GIARDINELLO,Contrada Sagana,2023-11-01,0.143
GIARDINELLO,Acque Colate,,0.1427
POLIZZI GENEROSA,Contrada Sorgitore,2025-03-21,0.1373
MONREALE,La Montagnola,,0.1327
MONTELEPRE,Cugnu Signiruzzu,2024-09-08,0.1326
ISNELLO,AQUILEA,2025-06-30,0.131
PIANA DEGLI ALBANESI,Ghionit,2022-07-09,0.1309
ALIA,Tre Denari,2022-07-29,0.1127
CARINI,Curva Battaglia,2024-07-21,0.1119
TERMINI IMERESE,Cozzo Dell' Imperatore,,0.1107
MONREALE,Masseria Dei Cippi,2024-07-13,0.1079
CINISI,piano margi,2024-10-07,0.1071
CARINI,Costa Marino,,0.1062
CARINI,Cerasia,2022-07-12,0.1039
CALTAVUTURO,Contrada Gangitani,2025-07-11,0.1016
PALERMO,Montagnola S. Rosalia,2025-07-29,0.1012
PALERMO,Torrente D'Inverno,2018-07-02,0.1012
SCLAFANI BAGNI,Abbeveratoio Del Celso,2021-07-11,0.1001
CALTAVUTURO,Caltavuturo,2021-06-25,0.0989
CARINI,Manostalla,2018-07-22,0.0988
SAN MAURO CASTELVERDE,Contrada Tiberio,2025-09-10,0.0949
PALERMO,Monte Pellegrino,2023-09-05,0.0863
GERACI SICULO,Monte Miccio,2020-08-26,0.0786
PALERMO,Madonna Del Ponticello,2018-07-11,0.0708
CARINI,Pirato,2021-04-10,0.069
CARINI,Montagnola,2025-07-14,0.0677
MEZZOJUSO,Contrada Frattina,2018-10-01,0.0664
ISNELLO,Contrada Madonna Lume,2024-08-17,0.0638
POLLINA,Contrada Zabbara,2022-10-03,0.0618
POLLINA,Contrada Zabbara,2022-10-04,0.0616
PALERMO,Torrente D'Inverno,2018-07-31,0.0462
SAN MAURO CASTELVERDE,Contrada Tiberio,2025-09-10,0.0299
PALERMO,Ciaculli,2020-09-03,0.0
MISILMERI,Raffi,2020-08-21,0.0
MONREALE,vallone Paradiso,2020-06-09,0.0
MONREALE,Renda,2020-08-14,0.0
MONREALE,Renda,2020-08-17,0.0
SANTA CRISTINA GELA,Migliore,2020-08-29,0.0
POLLINA,Contrada S. Maria,2020-08-18,0.0
PIANA DEGLI ALBANESI,LASI,2020-05-13,0.0
MONREALE,Portella Rena,2020-08-14,0.0
MONREALE,Monte Fiascone,2020-08-24,0.0
POLIZZI GENEROSA,Madonna Della Pieta',2020-11-09,0.0
COLLESANO,Contrada Sulla,2020-05-31,0.0
COLLESANO,Contrada Garbinogara,2020-08-17,0.0
CASTELBUONO,Terricidio. Castelbuono (PA),2020-05-18,0.0
GIARDINELLO,Piano Arancio,,0.0
BISACQUINO,Triona,2020-10-21,0.0
MONREALE,Piano Tavernelli,2020-08-17,0.0
MISILMERI,Montagna Grande,,
TRABIA,Torre Artale,,
TERMINI IMERESE,Danigarci,,
SCILLATO,Firrionello,,
CACCAMO,Contrada Ginestra,,
